name,uid,conv,shots90,goals90,pressures,tackles90,xA,chancesCreated90,headersWonRatio,keyHeaders,ballRetention,drbls,keyPasses,badges,ratingScores
Vinícius Júnior,19302146,92.08,44.42,77.83,84.17,88.42,94.08,97,26.5,24.25,15.25,98.08,97.75,pressing forward;creator;adwanced forward,{"pressing forward":86;"creator":96;"adwanced forward":98}
Jamal Musiala,28124579,61.08,58.5,65.58,93.17,93.67,92.58,98.17,51.42,24.25,8.08,89.83,97.33,pressing forward;creator;adwanced forward,{"pressing forward":93;"creator":95;"adwanced forward":94}
Erling Haaland,29179241,84.17,98.58,98.67,20,6.83,29.58,51.17,94,77.33,86.67,15.58,39.5,goalscorer;target forward,{"goalscorer":94;"target forward":86}
Kylian Mbappé,85139014,81,87,92.58,93.75,60.5,99.33,99.25,37.5,24.25,8.75,89.42,96.92,goalscorer;creator;adwanced forward,{"goalscorer":87;"creator":99;"adwanced forward":93}
Gabriel Martinelli,19351309,36.33,62.17,51.58,95.58,39.5,90.67,92.42,68.58,52.42,6.25,69.08,88.25,creator,{"creator":92}
Vitor Roque,2000095783,96,48.67,74.75,58.83,12.67,46.75,39.08,24.42,24.25,29.67,64.58,33.58,,{}
Rasmus Højlund,27160181,96,84.75,96.17,26.75,8.33,35.83,47.83,91.58,52.42,79.58,59.92,42.67,goalscorer,{"goalscorer":92}
Evan Ferguson,2000120742,84.17,99.17,99.08,7,29.08,19.17,19.75,79.33,80.58,93.08,10.17,17.08,goalscorer;target forward,{"goalscorer":94;"target forward":84}
Lamine Yamal,2000256231,22.58,71.83,51.58,86.92,76.42,95.58,87.67,94.75,24.25,0.25,88.92,98.08,pressing forward;creator;adwanced forward,{"pressing forward":82;"creator":92;"adwanced forward":94}
Phil Foden,28108494,42.08,25.17,31.5,86.42,66.17,72.17,78.58,15.5,24.25,39.92,47.08,50,creator,{"creator":75}
Rodrygo,19306929,66.5,70.92,63.75,82.58,49.33,96.5,92.42,45.42,24.25,4.58,86.42,86.33,creator;adwanced forward,{"creator":94;"adwanced forward":86}
Estêvão,2000263999,96,84,95.42,36.25,6.83,58.75,67.5,32.75,24.25,90.58,61.17,69.75,goalscorer,{"goalscorer":92}
Mohamed-Ali Cho,2000006280,90,93.33,95.58,73.75,88.42,68.58,70,85.92,80.58,27.75,73,58.83,goalscorer;pressing forward,{"goalscorer":93;"pressing forward":81}
Alejandro Garnacho,2000035036,42.08,58.5,51.58,97.33,76.42,98,98.17,61.83,24.25,12.08,92.67,94.92,pressing forward;creator;adwanced forward,{"pressing forward":87;"creator":98;"adwanced forward":94}
Julio Enciso,79034187,61.08,28.58,31.5,98.42,96,78.17,80.08,21.67,24.25,47.42,81.5,74.42,pressing forward;creator;adwanced forward,{"pressing forward":97;"creator":79;"adwanced forward":78}
Lautaro Martínez,14110660,87.5,34.42,60.33,54.83,33.92,7.33,35.75,32.75,24.25,74.5,2.5,23.83,,{}
Simone Pafundi,2000178997,56.17,95.17,83.67,77.08,49.33,99.08,99.58,29,24.25,5.25,85.75,99.08,creator;adwanced forward,{"creator":99;"adwanced forward":92}
Florian Wirtz,91193048,10.5,31.08,19,67.5,76.42,83.08,78.58,24.42,52.42,27.58,45.75,93.42,creator,{"creator":81}
Julien Duranville,2000155483,7.92,11.25,6.75,99.92,33.92,89.08,54.83,8.5,24.25,5.75,89.58,90.83,adwanced forward,{"adwanced forward":90}
Gonçalo Ramos,83209468,92.08,73.5,91.42,7.58,29.08,41.42,47.83,64.58,83.5,88.42,31.33,50.83,goalscorer,{"goalscorer":86}
Rodrigo Ribeiro,2000104450,77.92,55.67,82.25,89.67,66.17,90.67,95.75,96.25,24.25,16.92,93.33,92.92,creator;adwanced forward,{"creator":93;"adwanced forward":93}
Gonçalo Moreira,2000199219,87.5,25.17,51.58,81.42,66.17,95.58,96.17,15.5,24.25,3.25,95.42,96.92,creator;adwanced forward,{"creator":96;"adwanced forward":96}
Xavi Simons,67288555,70.58,17.08,39.67,79,10.33,64,80.08,32.75,24.25,17.58,66.58,79.75,,{}
Ege Çağlar,2002072846,46.67,89.58,79,62.67,60.5,78.17,88.5,84.42,85.42,29.08,77.42,82.5,creator;adwanced forward,{"creator":83;"adwanced forward":80}
Christopher Nkunku,85140301,94.17,88.58,92.58,39.08,4.42,93.33,99,37.5,24.25,3.75,21.17,68.5,goalscorer;creator,{"goalscorer":92;"creator":96}
Karim Adeyemi,16279486,51.17,55.67,65.58,97.58,54.42,72.17,71.33,58.75,52.42,12.25,96,90.83,creator;adwanced forward,{"creator":72;"adwanced forward":93}
Alexander Isak,93070286,98.42,82.75,98.67,34.5,76.42,35.83,37.33,68.58,24.25,81.75,40.42,21.67,goalscorer,{"goalscorer":93}
Antonio Nusa,2000090211,26.83,45.67,35.75,97.75,80.75,99.92,99,81.5,24.25,4.92,95,98.42,pressing forward;creator;adwanced forward,{"pressing forward":89;"creator":99;"adwanced forward":97}
Elye Wahi,49061868,66.5,95.17,87.33,14.67,84.58,51.5,51.17,81.5,89.5,85.08,36,41.83,target forward,{"target forward":85}
Benjamin Šeško,62246208,84.17,92.08,98.42,24.42,39.5,29.58,47.83,92.83,90.75,72.25,42.17,26,goalscorer;target forward,{"goalscorer":92;"target forward":85}
Marcus Rashford,28100266,31.17,53.92,41.75,95.42,49.33,80.92,80.08,55.75,52.42,17.92,53.58,85.33,creator,{"creator":81}
Victor Osimhen,13158205,90,52.75,83.67,25.83,94.92,14.58,12.25,75.42,64.08,86.92,9.67,20.17,,{}
Ferran Torres,89056845,51.17,70.08,56.5,92.5,91.67,95.58,96.58,77.67,85.42,8.92,91.83,96.42,pressing forward;creator;adwanced forward,{"pressing forward":92;"creator":96;"adwanced forward":94}
Oscar Gloukh,2000065061,74.17,37.25,51.58,72.33,33.92,83.08,91.08,21.67,24.25,64.25,53.58,92.92,creator,{"creator":87}
Wilfried Gnonto,43500350,61.08,67.5,73.33,81.92,76.42,87,97.33,18.33,24.25,17.75,85.25,89.58,pressing forward;creator;adwanced forward,{"pressing forward":79;"creator":92;"adwanced forward":87}
João Rêgo,2000131484,74.17,87.5,88.58,88.42,88.42,93.33,89,58.75,77.33,36.92,76.75,57.33,goalscorer;pressing forward;creator,{"goalscorer":83;"pressing forward":88;"creator":91}
Mohammed Kudus,13200568,61.08,88.25,76.75,36.83,60.5,68.58,67.5,29,24.25,31.08,33.5,58.83,,{}
Mohamed Chawki,2000047315,7.92,42.33,19,57.75,66.17,58.75,42.25,97.92,98.67,70.58,65.83,78.17,target forward,{"target forward":89}
Ernest Nuamah,2000156783,42.08,36.17,44.17,92.25,91.67,90.67,92.92,26.5,24.25,1.42,98.75,91.25,pressing forward;creator;adwanced forward,{"pressing forward":92;"creator":92;"adwanced forward":95}
Hugo Uriarte,2002073135,90,65.75,87.33,35.92,16.92,51.5,56.58,6.33,24.25,45.92,32.33,58.83,,{}
Rayan Cherki,49056279,22.58,44.42,21.08,80.17,76.42,98.58,97.92,21.67,52.42,6.75,75.83,95.67,pressing forward;creator;adwanced forward,{"pressing forward":78;"creator":98;"adwanced forward":86}
Dani Olmo,24048100,66.5,79.33,73.33,91.33,12.67,91.92,93.75,52.92,24.25,39.08,11.42,96.25,creator,{"creator":93}
Randal Kolo Muani,48043873,90,96.5,97.25,13.5,66.17,29.58,31.75,73.58,58.33,85.25,8.42,34.58,goalscorer,{"goalscorer":95}
Ez Abde,2000054872,13.42,17.08,13.92,59.58,60.5,87,86.08,21.67,24.25,3.08,93.33,84.42,creator;adwanced forward,{"creator":87;"adwanced forward":89}
Facundo Martínez,2000299769,46.67,78.67,54.33,90.33,93.67,98.58,95,90.25,94.58,7.92,95,94.08,pressing forward;creator;adwanced forward,{"pressing forward":92;"creator":97;"adwanced forward":95}
Thiago Almada,14172522,26.83,78.33,41.75,61.33,29.08,72.17,75.17,10.58,24.25,44.08,38.83,46.92,creator,{"creator":74}
João Pedro,19371552,22.58,36.17,26.25,64.92,76.42,51.5,60.25,52.92,24.25,45.42,58.58,60.33,,{}
Kang-In Lee,67260506,31.17,58.5,41.75,83.25,16.92,98,95,52.92,73.83,0.92,86.83,95.92,creator;adwanced forward,{"creator":97;"adwanced forward":91}
Facundo Torres,78088646,42.08,21.25,21.08,53.92,60.5,46.75,54.83,8.5,24.25,90.75,20.83,44.25,,{}
Giacomo Raspadori,43316850,51.17,51.08,46.92,69.5,49.33,84.92,94.33,29,52.42,11.67,76.33,54,creator,{"creator":90}
Alejo Veliz,2000096330,56.17,78.67,71.33,45.17,16.92,64,58.42,81.5,87.17,21.75,42.5,64.83,,{}
Charles De Ketelaere,18110528,61.08,39.25,62,57.75,60.5,46.75,65.08,99.17,69.83,45.42,55.42,79.17,,{}
Joshua Zirkzee,37060922,61.08,81.5,76.75,25.83,39.5,64,81.83,79.33,73.83,46.58,32.33,75.92,,{}
Samuel Iling,2000034525,36.33,69.5,53.08,85.92,39.5,78.17,88.5,82.75,77.33,8.42,84.83,95.33,creator;adwanced forward,{"creator":83;"adwanced forward":90}
Yaser Asprilla,2000053239,4.08,51.92,9.67,62.67,16.92,68.58,72.5,93.5,91.58,64.08,42.75,82,,{}
Samuel Chukwueze,67269484,31.17,10.75,19,90.92,91.67,68.58,84.5,42.83,24.25,5.58,95.75,80.83,pressing forward;adwanced forward,{"pressing forward":91;"adwanced forward":88}
Gianluca Scamacca,37053643,31.17,86.25,56.5,34.5,12.67,35.83,40.5,71.25,73.83,77.58,9.08,28.5,target forward,{"target forward":74}
Emile Smith Rowe,28109599,7.92,4.08,3.58,93.5,93.67,83.08,85.5,49.58,24.25,9.92,59.08,81.42,pressing forward;creator,{"pressing forward":94;"creator":84}
Williot Swedberg,2000008568,74.17,69.5,80.33,42.33,66.17,54.83,58.42,81.5,73.83,46.75,33.5,37.33,,{}
Jakob Napoleon Romsaas,2000072641,13.42,93.75,44.17,71.25,80.75,84.92,91.08,84.42,80.58,3.58,76.75,90.25,pressing forward;creator;adwanced forward,{"pressing forward":76;"creator":88;"adwanced forward":84}
Roony Bardghji,2000088490,22.58,41.58,35.75,60.83,60.5,97.5,84.5,37.5,24.25,25.92,65.83,87,creator,{"creator":91}
Oh Hyeon-Gyu,66044734,81,66.67,89.25,34.5,14.67,35.83,28.33,66.92,52.42,69.42,17.42,45.58,,{}
Marcus Thuram,48037335,0.83,36.17,0.83,71.25,71.25,75.33,85.5,71.25,83.5,33.08,61.17,77.25,pressing forward;creator,{"pressing forward":71;"creator":80}
Moussa Diaby,48044574,26.83,6.42,10.83,76.58,84.58,91.92,91.67,32.75,24.25,1.75,89.83,64.83,pressing forward;creator,{"pressing forward":81;"creator":92}
Viktor Gyökeres,93070271,66.5,70.92,63.75,35.75,80.75,64,83.75,51.42,24.25,60.42,38.25,68.5,,{}
Karim Konaté,12093353,70.58,51.92,65.58,20.58,49.33,24.17,44.25,24.42,24.25,96.25,19.42,31.33,,{}
Patrick Wimmer,16253898,17.67,14.25,13.92,94.08,54.42,96.5,92.42,75.42,73.83,62.5,57.67,97.92,creator,{"creator":94}
Andreas Schjelderup,2000020287,70.58,91.42,87.33,62.67,66.17,87,78.58,18.33,24.25,19.58,61.17,51.75,goalscorer;creator,{"goalscorer":83;"creator":83}
Jonathan David,18108540,56.17,42.33,60.33,19,22.5,19.17,30.17,42.83,24.25,76.25,63.08,17.08,,{}
Lucas Assadi,2000060949,1.75,9,2.17,93.5,84.58,46.75,34.42,45.42,77.33,36.08,87.42,70.5,pressing forward;adwanced forward,{"pressing forward":89;"adwanced forward":79}
Takis Vounasis,2000122057,66.5,77.42,83,39.92,71.25,68.58,65.08,54.5,58.33,79.08,43.75,57.33,,{}
Hernán Tejada,2000149391,81,80.83,85.92,55.58,25.5,68.58,77.08,51.42,52.42,27.25,66.58,40.83,goalscorer,{"goalscorer":83}
Ângelo,2000055284,56.17,82.08,67.58,69,60.5,94.92,96.42,49.58,24.25,9.58,99.42,91.5,creator;adwanced forward,{"creator":96;"adwanced forward":95}
Sebastian Szymański,96088503,31.17,59.67,31.5,68.33,25.5,75.33,75.17,24.42,24.25,29.92,34.5,83.67,creator,{"creator":75}
Giovanni Reyna,72051281,61.08,34.42,41.75,77.08,84.58,58.75,52.25,61.83,85.42,43,64.25,52.58,pressing forward,{"pressing forward":81}
Mohamed Daramy,27148020,46.67,59.67,56.5,97.92,91.67,90.67,84.5,75.42,52.42,16.25,93.58,86.33,pressing forward;creator;adwanced forward,{"pressing forward":95;"creator":88;"adwanced forward":90}
Samuele Vignato,2000021407,66.5,36.17,56.5,69.83,91.67,75.33,80.08,24.42,24.25,6.42,88.25,50.83,creator,{"creator":78}
Talles Magno,19362860,26.83,71.83,54.33,96.75,94.92,75.33,78.58,89,58.33,40.67,71.83,85.92,pressing forward;creator;adwanced forward,{"pressing forward":96;"creator":77;"adwanced forward":79}
Youssoufa Moukoko,2000074825,84.17,46.58,73.33,9.58,80.75,14.58,12.25,8.5,52.42,51.33,21.67,11.83,,{}
Datro Fofana,12092528,70.58,70.92,79,52.17,71.25,35.83,34.42,68.58,73.83,77.75,55.42,48.25,goalscorer,{"goalscorer":74}
Pedro Neto,29179717,5.58,54.92,12.42,84.58,29.08,90.67,80.08,24.42,24.25,0.08,92.67,93.42,creator;adwanced forward,{"creator":85;"adwanced forward":93}
Brennan Johnson,29189400,13.42,18.17,17,72.33,14.67,68.58,66.33,55.75,64.08,69.58,78.33,80.25,adwanced forward,{"adwanced forward":79}
Luiz Henrique,19377206,0.83,1.83,0.83,97.33,60.5,64,76.25,77.67,52.42,31.75,80.33,67.92,,{}
Danny Namaso,29165730,51.17,55.67,49.5,78.67,84.58,54.83,80.08,54.5,52.42,32.42,50,73.75,pressing forward,{"pressing forward":82}
Amad Diallo,43425040,26.83,28.58,15.08,99.42,80.75,90.67,85.5,37.5,64.08,0.67,98.42,88.92,pressing forward;creator;adwanced forward,{"pressing forward":90;"creator":88;"adwanced forward":94}
Jorge Sevillano,2002122831,84.17,68.25,84.58,81.75,33.92,83.08,68.58,60.08,24.25,43.25,77.92,85.33,adwanced forward,{"adwanced forward":82}
Lucas Beltrán,14217414,84.17,53.92,79,69.83,91.67,87,83.75,54.5,69.83,22.58,63.08,80.25,creator,{"creator":85}
Dwight McNeil,28110488,36.33,13.42,17,99.25,29.08,75.33,61.83,77.67,24.25,18.25,49.08,52.58,,{}
Franco González,2000128319,7.92,3.42,4.92,80.17,29.08,72.17,60.25,4.42,24.25,32.25,63.42,56.33,,{}
Marin Petkov,22086329,81,90.75,96.83,75.08,84.58,98.58,99.75,51.42,24.25,2.33,87.83,99.92,goalscorer;pressing forward;creator;adwanced forward,{"goalscorer":90;"pressing forward":80;"creator":99;"adwanced forward":94}
Hákon Arnar Haraldsson,39060464,36.33,47.42,31.5,88.92,66.17,97.17,91.08,68.58,87.17,34.75,32.92,95.67,creator,{"creator":94}
Muharem Huskovic,16283572,92.08,66.67,88.58,8.42,66.17,29.58,26.42,47.33,64.08,94.58,7.75,16.67,,{}
Rodrigo Riquelme,67259880,36.33,67.5,44.17,88.42,88.42,89.08,94.33,26.5,52.42,4.75,82.75,90.83,pressing forward;creator;adwanced forward,{"pressing forward":88;"creator":92;"adwanced forward":87}
Jørgen Strand Larsen,53143395,36.33,17.08,19,9.25,12.67,0.67,1.08,51.42,64.08,66.08,10.17,6.42,,{}
Endrick,2000220941,87.5,81.5,90.08,39.08,12.67,54.83,60.25,18.33,24.25,40.67,59.08,57.33,goalscorer,{"goalscorer":86}
Jizz Hogervorst,2002133981,42.08,40.75,33.67,93.17,71.25,75.33,72.5,71.25,24.25,30.08,84.58,85.33,pressing forward;creator;adwanced forward,{"pressing forward":82;"creator":74;"adwanced forward":85}
Ruud Versendaal,2002073391,87.5,38.17,58.67,33.17,60.5,24.17,26.42,45.42,52.42,75.08,38.83,44.25,,{}
Aimar Vicandi,2000119309,17.67,66.67,26.25,98.75,84.58,95.58,90.33,75.42,24.25,6.58,94.42,97.58,pressing forward;creator;adwanced forward,{"pressing forward":92;"creator":93;"adwanced forward":96}
Anderson Duarte,78102085,10.5,52.75,26.25,92.83,76.42,80.92,64,24.42,24.25,10.17,67.25,90.83,pressing forward,{"pressing forward":85}
Mathys Tel,2000104850,61.08,72.67,73.33,94.08,44.67,87,93.75,84.42,93.83,9.42,92.08,82.5,creator;adwanced forward,{"creator":90;"adwanced forward":87}
Alberto García,2002073182,5.58,19.25,8.42,83.25,39.5,89.08,84.5,45.42,24.25,11.67,95.58,82.5,creator;adwanced forward,{"creator":87;"adwanced forward":89}
Nicolò Tresoldi,2000184216,74.17,94.42,94.5,55.25,33.92,51.5,61.83,89,93.25,60.83,72.42,67.92,goalscorer,{"goalscorer":88}
Cole Palmer,28120042,36.33,90.75,77.83,94.67,91.67,94.92,94.33,98.33,83.5,11.42,72.42,98.75,pressing forward;creator;adwanced forward,{"pressing forward":93;"creator":95;"adwanced forward":86}
Bradley Barcola,49056282,77.92,97.25,96.58,33.17,22.5,24.17,26.42,86.83,91.58,66.42,36,54,goalscorer,{"goalscorer":91}
Sávio,2000011972,13.42,12.58,8.42,96.25,54.42,90.67,97.33,29,24.25,30.25,63.08,65.67,creator,{"creator":94}
Cristian Shpendi,43616541,92.08,89.75,98.08,47.17,33.92,58.75,54.83,66.92,52.42,71.17,24.83,33.58,goalscorer,{"goalscorer":93}
Carmelo Barrientos,2002119858,99,72.67,94.92,9.92,10.33,75.33,77.83,6.33,64.08,71.5,21.17,62.33,goalscorer;creator,{"goalscorer":89;"creator":77}
Álvaro Rodríguez,2000218258,66.5,36.17,49.5,38.5,22.5,14.58,18,80.42,73.83,60.25,10.17,21.67,,{}
Mario Camus,2002101885,97.75,55.67,90.08,37.5,19.58,72.17,72.5,31,24.25,50.58,48.5,46.17,creator,{"creator":72}
Noah Jean Holm,91176250,70.58,59.67,65.58,54.08,80.75,41.42,42.25,71.25,52.42,63.92,56.08,61.58,,{}
Taty Castellanos,75042244,46.67,11.83,27.75,48.5,29.08,24.17,22.17,32.75,64.08,67.08,29.67,20.75,,{}
Atlas Cihan,2002073759,99.92,98.75,99.92,20.58,93.67,58.75,52.25,91.58,88.42,49.25,22.75,31.33,goalscorer,{"goalscorer":100}
Gabriel Veron,19360962,66.5,65,65.58,58.17,39.5,68.58,61.83,34.92,24.25,16.08,94.08,70.5,adwanced forward,{"adwanced forward":82}
João Santos,2000244088,77.92,61,75.58,38.5,16.92,54.83,34.42,42.83,24.25,79.42,24.33,52.58,,{}
Fermín,2000141742,31.17,19.25,21.08,74.25,19.58,89.08,82.5,12.83,24.25,63.67,71.08,89.25,creator;adwanced forward,{"creator":86;"adwanced forward":80}
Antony,19364488,4.08,6.42,2.83,75.08,33.92,19.17,31.75,49.58,24.25,10.75,85.5,21.67,,{}
Stiven Shpendi,43616542,70.58,45.67,56.5,65.5,22.5,51.5,53.33,57.17,64.08,57.5,35.08,61.58,,{}
Eddie Nketiah,28106687,97.08,43.25,69.58,46.75,33.92,7.33,3.33,8.5,58.33,89.25,30.42,4.33,,{}
Hristo Mindev,2002123936,84.17,73.5,85.92,48.5,22.5,64,67.5,2.17,24.25,59.08,30,57.33,goalscorer,{"goalscorer":81}
Kaio Jorge,19348862,99,80.83,95.83,8.58,14.67,24.17,24.92,61.83,58.33,95.42,15.58,18.75,goalscorer,{"goalscorer":92}
Matija Frigan,2000078339,81,51.92,76.75,49.08,39.5,19.17,20.92,64.58,69.83,76.92,14.42,47.58,,{}
Jesús Hernández,51078596,92.08,77.42,91.42,33.17,33.92,41.42,37.33,77.67,24.25,43.58,20.5,34.58,goalscorer,{"goalscorer":87}
Matías Abaldo,2000111471,36.33,69.5,62,7.83,54.42,94.5,89.33,42.83,24.25,20.83,40.42,71.42,creator,{"creator":92}
Tomáš Čvančara,25057908,74.17,52.75,73.33,18.58,39.5,35.83,33.17,68.58,80.58,56.08,29.17,19.58,,{}
Erwin Vogado,2002074739,10.5,30.58,17,95.92,80.75,80.92,83.75,24.42,24.25,13.33,73.25,87.58,pressing forward;creator;adwanced forward,{"pressing forward":88;"creator":82;"adwanced forward":80}
Hugo Duro,67274349,51.17,31.67,41.75,59.17,10.33,78.17,67.5,29,77.33,71.83,28.75,70.5,,{}
Luca Koleosho,2000061312,17.67,29.58,17,96.42,88.42,90.67,83.25,34.92,58.33,34.08,80.58,88.5,pressing forward;creator;adwanced forward,{"pressing forward":92;"creator":87;"adwanced forward":85}
Adrian Haas,2000144104,31.17,18.17,17,66.25,4.42,64,77.08,40.08,24.25,46.25,75.25,51.75,,{}
Abdul Fatawu,13211267,26.83,68.25,41.75,85.25,44.67,89.08,90.33,8.5,24.25,7.75,86.17,77.67,creator;adwanced forward,{"creator":90;"adwanced forward":82}
Zeki Amdouni,84154064,97.75,20.33,58.67,31.58,25.5,24.17,37.33,57.17,24.25,83.08,7,12.75,,{}
Pablo Torre,2000040347,13.42,68.25,31.5,71.25,60.5,78.17,70,42.83,24.25,9.08,43.75,71.92,creator,{"creator":74}
Garang Kuol,2000080496,66.5,39.25,44.17,52.83,44.67,29.58,35.75,4.42,24.25,51,71.08,34.58,,{}
Sergio Camello,67272502,17.67,10.08,12.42,79,16.92,46.75,64,40.08,24.25,55.67,9.08,60.33,,{}
Predrag Kljajic,2000269855,13.42,31.67,13.92,76.58,66.17,54.83,52.25,32.75,52.42,10.17,91.17,58.83,,{}
Lorenzo Colombo,43424893,56.17,66.67,62,61.92,29.08,7.33,14.58,61.83,69.83,58.5,46.67,13.83,,{}
Furkan Baş,2002123085,42.08,97.5,94.5,38,4.42,24.17,31.75,99.5,96.33,82.83,44.5,55.83,target forward,{"target forward":93}
Ricardo Paraíso,2002075328,84.17,86.25,91.42,81.25,66.17,87,85.5,26.5,24.25,14.67,82.33,90.25,goalscorer;creator;adwanced forward,{"goalscorer":87;"creator":86;"adwanced forward":86}
Rustam Nesterenko,2002075375,94.17,28.58,75.58,41.75,6.83,46.75,81.83,8.5,24.25,67.25,43.75,53.17,,{}
Sion Parsons,2002075196,31.17,57.33,31.5,18,71.25,35.83,42.25,4.42,24.25,52.17,53,31.33,,{}
Samed Baždar,2000027057,66.5,88,80.33,60.33,19.58,46.75,53.33,79.33,83.5,51.75,61.17,40.83,,{}
Fabrice Ngoy,18116155,66.5,21.25,49.5,8.75,71.25,24.17,34.42,45.42,52.42,92.42,5.67,46.17,,{}
Arnaud Kalimuendo,49048445,84.17,87,88.17,40.5,93.67,14.58,18,42.83,52.42,86.08,48.5,41.83,goalscorer,{"goalscorer":86}
Ryan Francisco,2000263566,92.08,65.75,82.25,21,1.33,46.75,54.83,45.42,24.25,65.08,32.92,23.83,,{}
Theo Corbeanu,57189533,17.67,65,28.83,83.25,49.33,72.17,45.75,91.58,85.42,13.33,95.25,67.92,,{}
Bruno Barticciotto,75054810,94.17,26.83,60.33,60.83,93.67,46.75,39.08,57.17,24.25,43.42,87.08,39.5,,{}
Armando Broja,28121369,51.17,10.08,33.67,44.17,33.92,7.33,5.67,71.25,73.83,74.08,64.25,3.33,target forward,{"target forward":73}
Tomáš Suslov,37076659,51.17,0.42,6.75,69,25.5,41.42,31.75,42.83,58.33,57.5,43.75,37.33,,{}
Diego Bellmunt,2002124403,46.67,73.5,63.75,52.83,76.42,29.58,44.25,80.42,24.25,80.17,16.33,43.42,,{}
Badredine Bouanani,2000100062,13.42,9.42,10.83,73,60.5,46.75,58.42,21.67,58.33,18.75,84.17,63.83,,{}
Toluwalase Arokodare,47102376,56.17,74.75,73.33,3.58,39.5,41.42,12.25,87.83,80.58,19.33,8.42,13.83,,{}
Brenner,19302917,99.67,67.5,93.42,15.58,4.42,35.83,49.92,21.67,64.08,41.42,22.25,35.58,,{}
Junior Adamu,16202374,66.5,72.67,80.33,65.83,39.5,51.5,56.58,49.58,52.42,70.92,36,51.75,,{}
Dion Drena Beljo,24061498,46.67,94.75,85.92,45.83,76.42,64,70,87.83,58.33,35.58,51.83,61.58,,{}
Daniel Pitchford,2000100674,51.17,17.08,44.17,65.5,84.58,58.75,61.83,49.58,52.42,49.83,45.75,57.33,,{}
Gonzalo Tapia,75054809,31.17,9,17,67.5,49.33,64,77.83,73.58,77.33,84.67,73.58,78.17,target forward;adwanced forward,{"target forward":79;"adwanced forward":76}
David Royo,2002124665,13.42,62.17,17,98.58,54.42,96.5,93.33,26.5,24.25,3.92,99.58,94.25,creator;adwanced forward,{"creator":95;"adwanced forward":97}
Juan Macías,2000116828,70.58,17.08,31.5,47.67,33.92,19.17,26.42,18.33,24.25,38.17,73.42,23.83,,{}
Harvey Vale,2000016607,84.17,0.75,8.42,77.92,49.33,0.67,1.08,86.83,92.5,98.75,19.08,2.92,target forward,{"target forward":93}
Marcelo Ryan,19398802,51.17,78.33,84.58,13.5,76.42,41.42,56.58,75.42,24.25,52.92,45.17,39.5,,{}
Cristian Olivera,78097898,17.67,7.33,8.42,88.42,39.5,90.67,80.08,51.42,52.42,2.92,84.83,72.58,creator;adwanced forward,{"creator":85;"adwanced forward":79}
Nikola Knežević,2002101272,26.83,14.25,12.42,52.17,39.5,58.75,71.33,66.92,94.58,5.08,80.92,58.83,,{}
Fotis Ioannidis,36138739,22.58,40.75,41.75,41.33,22.5,58.75,58.42,71.25,24.25,84.92,18.42,60.33,,{}
Myron Boadu,37060951,51.17,68.25,62,28.83,29.08,10.83,13.33,61.83,69.83,73.58,31.33,10.92,,{}
Wesley,2000192473,36.33,72.67,54.33,60.83,93.67,24.17,61.83,8.5,69.83,41,90.67,76.83,adwanced forward,{"adwanced forward":84}
Supachok Sarachat,23328907,10.5,52.75,28.83,7.33,44.67,64,18,12.83,24.25,94.08,4.25,16.17,,{}
Raùl König,2000196494,0.83,36.17,0.83,75.42,12.67,35.83,33.17,31,24.25,18.58,42.5,27.92,,{}
Yuri Alberto,19326424,96,93.75,97.67,50,88.42,19.17,51.17,42.83,52.42,83.92,19.42,46.17,goalscorer,{"goalscorer":96}
Assane Diao,2000210791,42.08,90.17,67.58,89.67,71.25,89.08,95.5,91.58,64.08,11.17,97.67,80.83,pressing forward;creator;adwanced forward,{"pressing forward":80;"creator":92;"adwanced forward":89}
Jonathan Dubasin,2000050421,84.17,23,37.75,58.5,16.92,41.42,71.33,31,24.25,37.75,46.25,62.83,,{}
Antoine Semenyo,29194724,17.67,0.17,4.92,86.92,84.58,7.33,22.17,40.08,73.83,24.5,61.17,43.42,pressing forward,{"pressing forward":86}
Yanis Peyrot,2002122995,22.58,20.33,13.92,76.08,29.08,83.08,91.08,21.67,24.25,1.58,97.92,87.33,creator;adwanced forward,{"creator":87;"adwanced forward":93}
Jesús Alberto Romero,2002143835,17.67,41.58,23.92,92.5,96,96.5,91.92,21.67,24.25,1.25,98.25,93.75,pressing forward;creator;adwanced forward,{"pressing forward":94;"creator":94;"adwanced forward":96}
Esteban Gómez,2002135160,26.83,40.08,41.75,74.25,49.33,41.42,39.08,1,24.25,38.17,81.5,47.58,,{}
Antonio Foti,2000057844,22.58,29.58,23.92,65.08,10.33,93.33,97.58,37.5,24.25,69.25,63.83,83.67,creator,{"creator":95}
Ethan Nwaneri,2000283271,42.08,80.33,60.33,82.25,44.67,75.33,54.83,21.67,58.33,46.42,87.83,84.83,adwanced forward,{"adwanced forward":86}
Claudio Ávalos,2002127292,94.17,58.5,93.42,29.5,16.92,54.83,60.25,21.67,52.42,54.5,70.17,60.33,,{}
Ramiro Ruiz Rodríguez,14212884,13.42,75.58,41.75,76.58,91.67,64,67.5,82.75,69.83,65.42,69.75,76.42,pressing forward,{"pressing forward":84}
Darian Maleš,84153469,61.08,61,62,90.75,2.08,46.75,51.17,86.83,96.33,61.67,50,46.92,,{}
Georginio Rutter,49048380,74.17,57.33,87.33,26.75,66.17,46.75,68.58,75.42,52.42,63.67,61.75,33.58,,{}
Nelson Weiper,2000170587,66.5,48.67,75.58,54.42,71.25,46.75,45.75,75.42,24.25,87.42,53.58,58.83,,{}
Sorriso,2000218077,17.67,23,17,94.92,84.58,64,72.5,37.5,64.08,26.75,79.08,67.92,pressing forward,{"pressing forward":90}
Andri Lucas Guðjohnsen,67269924,61.08,44.42,58.67,13.08,0.08,7.33,19.75,89,80.58,81.58,23.75,13.83,target forward,{"target forward":84}
Juan Gauto,2000023159,13.42,0.58,1.75,89.17,33.92,51.5,39.08,21.67,24.25,17.42,91.83,43.42,,{}
Claudiu Petrila,57163398,31.17,11.83,15.08,82.25,71.25,41.42,71.33,29,24.25,16.42,91.17,54,pressing forward,{"pressing forward":77}
Jan Pantok,2002124168,61.08,97.5,91.42,21.75,4.42,41.42,65.08,71.25,77.33,71.83,13.33,48.25,target forward,{"target forward":73}
Graham Conway,2000033302,81,79.33,84.58,25.17,22.5,4,18,47.33,24.25,68.08,26.67,9.83,goalscorer,{"goalscorer":82}
Andrea Pinamonti,43252773,36.33,24.08,27.75,30.92,29.08,10.83,22.17,58.75,90.75,90.33,14.92,8.83,,{}
Benjamin Nygren,93104332,66.5,74.75,73.33,56.17,14.67,46.75,45.75,29,58.33,35.83,16.33,39.5,,{}
Benjamín Ocampo,2002136170,42.08,63.42,54.33,96.75,80.75,87,93.33,32.75,24.25,18.92,88.42,94.5,pressing forward;creator;adwanced forward,{"pressing forward":89;"creator":90;"adwanced forward":91}
Erik Botheim,53138885,36.33,25.92,23.92,44.17,25.5,14.58,19.75,82.75,69.83,25.58,30.92,5.75,,{}
Ferney Lobatón,2002122832,61.08,51.08,53.08,61.33,25.5,46.75,42.25,91.58,92.5,97.42,14,72.58,target forward,{"target forward":94}
Paxten Aaronson,2000037579,31.17,32.33,23.92,91.33,10.33,68.58,66.33,10.58,24.25,21.25,82.92,48.25,,{}
Aldrich Kabongo,2000027341,5.58,65.75,15.08,87.42,44.67,80.92,63.08,21.67,24.25,0.42,88.67,76.42,adwanced forward,{"adwanced forward":83}
Thomas Lind,2002144221,61.08,28.58,37.75,51.17,88.42,35.83,24.92,42.83,24.25,30.83,37.58,39.5,,{}
Boris Loor,2002132070,56.17,75.58,75.58,45.58,39.5,7.33,7.17,57.17,24.25,54.25,70.42,26.92,,{}
Marco Delle Monache,2000105337,26.83,27.67,21.08,90.33,49.33,72.17,78.58,12.83,52.42,21.42,87.25,75.92,creator;adwanced forward,{"creator":75;"adwanced forward":82}
Asier Sanz,2000272445,56.17,74.08,79,95.17,93.67,64,75.17,87.83,24.25,15.08,93,75.25,pressing forward;adwanced forward,{"pressing forward":94;"adwanced forward":84}
Nahuel Bustos,14134258,36.33,63.42,44.17,14.08,54.42,80.92,81.83,34.92,24.25,14.42,15.58,84.42,creator,{"creator":81}
Martín Díaz,2002143750,7.92,39.25,17,19.42,5.58,7.33,11.33,71.25,80.58,59.92,48,31.33,,{}
Konstantin Malsagov,2002142981,31.17,1.58,4.92,51.17,25.5,7.33,10.25,95.42,99.92,99.08,1.25,23.83,target forward,{"target forward":98}
Thiago Borbas,78102818,70.58,96.25,93.92,3.42,25.5,7.33,7.17,66.92,77.33,91.25,17.42,22.58,goalscorer,{"goalscorer":87}
Brian Brobbey,37065620,46.67,32.83,46.92,30.17,60.5,19.17,24.92,52.92,64.08,89.42,23.75,40.83,,{}
Daniel Williams,2002123165,84.17,63.42,79,22.75,66.17,75.33,60.25,58.75,64.08,82.83,74.42,72.58,adwanced forward,{"adwanced forward":74}
Ilias Akhomach,2000056415,2.08,18.17,2.17,63.67,33.92,68.58,77.08,37.5,24.25,8.25,92.42,75.25,adwanced forward,{"adwanced forward":84}
Mike Trésor,18101818,26.83,64.42,46.92,10.92,25.5,35.83,30.17,15.5,24.25,77.17,14.42,8,,{}
Matthis Abline,49056366,61.08,37.25,58.67,32.5,33.92,46.75,33.17,10.58,52.42,84.08,28.17,40.83,,{}
Jonathan Burkardt,91170086,26.83,19.25,17,28,14.67,4,14.58,26.5,83.5,91.75,25.25,4.33,,{}
Eraldo,2002121314,42.08,76.5,65.58,51.17,49.33,97.5,95.92,95.42,93.25,5.42,83.25,95.33,creator;adwanced forward,{"creator":97;"adwanced forward":89}
Matheus Machado,2000243754,22.58,99.92,80.33,36.83,2.08,78.17,45.75,94,94.58,53.58,41.08,48.25,,{}
Nicolò Cambiaghi,43295822,22.58,11.25,10.83,86.42,76.42,78.17,86.67,31,77.33,16.67,58.42,91.5,pressing forward;creator,{"pressing forward":81;"creator":82}
Nick Atkinson,2002154226,22.58,24.08,17,36.25,80.75,58.75,20.92,2.17,24.25,14.92,60.17,22.58,,{}
Armin Hartzell,2002074593,2.92,4.08,3.58,28.33,80.75,54.83,54.83,40.08,87.17,66.25,39.75,55,,{}
Timo Salewski,2002074099,26.83,62.17,41.75,58.5,22.5,51.5,54.83,77.67,24.25,54.5,77.08,42.67,,{}
Alessandro Riep,2000107179,61.08,44.42,39.67,75.58,49.33,94.92,90.33,3.17,24.25,6,93.75,92.17,creator;adwanced forward,{"creator":93;"adwanced forward":93}
Timur Kuz'min,2002074732,2.92,5,2.83,23.25,91.67,64,42.25,42.83,85.42,35.83,63.83,46.17,,{}
Onurhan Babuşcu,16283560,81,27.67,67.58,46.08,39.5,14.58,18,0.33,52.42,76.08,59.08,8,,{}
Tom Saettel,2000116595,13.42,8.33,3.58,76.08,96,64,60.25,21.67,24.25,49.08,70.17,67.25,pressing forward,{"pressing forward":86}
Keito Nakamura,45108807,90,5.58,26.25,89.17,44.67,29.58,44.25,73.58,64.08,63.08,69.08,32.83,,{}
Víctor Mollejo,67272501,36.33,7.33,21.08,63.67,16.92,72.17,77.83,42.83,80.58,4.25,88.67,63.83,creator,{"creator":75}
El Mehdi Bouali,2002073510,13.42,7.33,6.75,79.58,10.33,29.58,39.08,34.92,24.25,37.25,83.67,27.92,,{}
Ádám Bárdosi,2002153927,97.75,5.58,49.5,16.42,91.67,4,11.33,12.83,24.25,88.08,28.17,12.75,,{}
Paul Nebel,91188358,22.58,33.17,23.92,69,33.92,72.17,70,1,24.25,22.42,49.08,49.17,creator,{"creator":71}
Adrian Barbu,2002126889,66.5,30.17,41.75,35.17,88.42,10.83,16.17,52.92,24.25,47.92,6.42,8,,{}
Fabrizio González,2002074592,56.17,56.33,62,21.75,44.67,64,75.17,64.58,83.5,44.42,56.83,91.83,,{}
Samu Omorodion,2000211219,46.67,46.58,46.92,40.5,4.42,1.75,9.08,64.58,92.5,61.08,27.58,12.75,,{}
Marcos Leonardo,19380666,56.17,47.42,54.33,22.92,71.25,24.17,18,42.83,24.25,92.92,23.42,25.25,,{}
Nik Prelec,62203802,42.08,24.08,39.67,9.25,54.42,54.83,44.25,71.25,94.58,45.08,12.5,16.17,,{}
Ebrima Colley,43474378,66.5,48.67,63.75,99.75,60.5,64,60.25,71.25,64.08,20,89.17,72.58,adwanced forward,{"adwanced forward":81}
Newertton,2000135788,31.17,19.25,21.08,71.25,91.67,98,97,4.42,24.25,15.75,98.92,99.58,pressing forward;creator;adwanced forward,{"pressing forward":81;"creator":98;"adwanced forward":99}
Pontus Almqvist,93087462,17.67,3.42,8.42,53.58,29.08,7.33,9.08,21.67,24.25,27.42,30.92,17.83,,{}
Jon Karrikaburu,2000082463,36.33,28.58,37.75,18.58,10.33,14.58,7.17,42.83,52.42,92.08,8,8,,{}
José Manuel López,2000044526,92.08,98.33,99.42,11.83,0.58,41.42,28.33,99.17,93.83,93.58,8,19.58,goalscorer;target forward,{"goalscorer":97;"target forward":96}
Adrian Benedyczak,96114107,51.17,61,56.5,39.08,91.67,4,7.17,54.5,24.25,58.75,37.58,12.75,,{}
Max Moerstedt,2000230641,42.08,99.75,96.17,69,84.58,72.17,64,99.5,73.83,69.75,46.25,84.08,,{}
Michael Kayembe,2002133481,92.08,37.25,75.58,15,76.42,19.17,26.42,49.58,24.25,65.58,48,31.33,,{}
Maicon Yarshell,2002119952,66.5,89.33,80.33,16.92,94.92,83.08,76.25,54.5,24.25,28.08,51.25,36.58,creator,{"creator":80}
Riquelme Fillipi,2000263996,66.5,23,44.17,82.83,84.58,91.92,67.5,42.83,24.25,20.42,90.92,84.42,pressing forward;adwanced forward,{"pressing forward":84;"adwanced forward":88}
José Neris,78088635,99,15.75,73.33,56.17,98.67,29.58,30.17,54.5,24.25,54.75,16.33,9.42,,{}
Kelvin John,13225025,94.17,13.42,51.58,8.25,80.75,58.75,31.75,6.33,24.25,71.5,22.75,18.75,,{}
Emanuel Vignato,43296186,42.08,18.17,29.92,33.67,99.83,29.58,5.67,15.5,24.25,15.58,19.42,18.75,,{}
Matheus Martins,19400560,74.17,25.92,54.33,66.75,44.67,83.08,92.92,34.92,24.25,33.33,71.83,88.5,creator;adwanced forward,{"creator":88;"adwanced forward":80}
Marius Mouandilmadji,83254092,17.67,41.58,37.75,0.58,60.5,35.83,3.33,91.58,24.25,87.75,0.58,2.67,,{}
Paweł Nowak,2002120400,17.67,52.75,44.17,53.58,76.42,29.58,31.75,90.25,93.83,86.08,53.58,26.92,target forward,{"target forward":90}
Paulo Victor,2000085258,87.5,26.83,54.33,38,49.33,14.58,26.42,60.08,69.83,88.92,29.17,10.5,,{}
Jamie Donley,2000123638,70.58,44.42,58.67,35.17,29.08,14.58,34.42,55.75,77.33,60.58,24.83,26.92,,{}
Robin Mirisola,2000254418,22.58,87.5,46.92,2,4.42,1.75,1.08,26.5,24.25,97.75,0.25,0.92,,{}
Brajan Gruda,2000180822,70.58,84.75,84.58,87.42,54.42,64,86.67,75.42,80.58,7.58,66.58,71.42,goalscorer,{"goalscorer":80}
José Carlos,2002142665,74.17,96.75,97.25,16.42,76.42,51.5,49.92,97.92,58.33,81.25,44.75,32.33,goalscorer,{"goalscorer":89}
Lorenzo Granelli,2002075283,74.17,84.75,88.58,11.83,54.42,29.58,40.5,64.58,52.42,85.42,10.67,36.58,goalscorer,{"goalscorer":83}
Guilherme Bala,19398912,5.58,28.58,13.92,85.42,44.67,83.08,89,71.25,24.25,20,97.42,55.83,creator,{"creator":86}
Jónas Sigurðsson,2002102383,13.42,0.17,2.17,82.25,76.42,93.33,83.25,4.42,24.25,7.42,99.25,72.58,pressing forward;creator;adwanced forward,{"pressing forward":79;"creator":88;"adwanced forward":86}
Sidiki Chérif,2000271175,66.5,65.75,75.58,12.25,6.83,24.17,14.58,60.08,95.33,66.92,43,12.75,,{}
Valentín Carboni,2000097988,61.08,89.33,87.33,42.33,44.67,14.58,23.67,66.92,69.83,41.75,46.25,17.83,,{}
Emiliano Giménez,2002136179,13.42,13.42,12.42,67.5,19.58,80.92,80.08,6.33,52.42,17.25,76.08,70.5,creator;adwanced forward,{"creator":81;"adwanced forward":73}
Salomón Rodríguez,78100069,61.08,94.17,74.75,57.75,97.92,78.17,80.08,99.75,93.25,34.42,9.67,58.83,creator,{"creator":79}
Dilane Bakwa,49048348,17.67,18.17,6.75,80.67,49.33,58.75,68.58,24.42,24.25,28.75,97.08,55,,{}
Ivo Mammini,14237512,81,99.58,99.08,27.25,8.33,80.92,33.17,37.5,85.42,18.08,74.42,89.92,goalscorer;adwanced forward,{"goalscorer":93;"adwanced forward":82}
Delfí,2002072509,51.17,46.58,44.17,64.25,33.92,29.58,33.17,29,24.25,29.33,64.25,36.58,,{}
Massimo Zilli,43426136,94.17,98.92,99.58,12.92,2.92,46.75,42.25,98.75,24.25,92.75,17.42,60.33,goalscorer,{"goalscorer":98}
Enzo Molebe,2000288922,31.17,39.25,33.67,52.83,10.33,87,70,45.42,24.25,45.75,80.92,66.67,creator,{"creator":79}
Iván Azón,95078290,56.17,57.33,56.5,35.17,25.5,4,14.58,64.58,69.83,76.75,27.58,11.25,,{}
David Toledo,2002124483,56.17,56.33,63.75,73.5,25.5,19.17,47.83,18.33,24.25,65.92,38.58,49.17,,{}
David Stückler,2000091991,66.5,10.08,26.25,7,19.58,29.58,42.25,4.42,80.58,96.75,22.75,18.75,,{}
Óscar Rosas,2002098863,4.08,27.67,10.83,98.08,97,96.5,97.75,87.83,95.33,97.58,68.08,92.58,pressing forward;creator;target forward,{"pressing forward":98;"creator":97;"target forward":94}
Ferran Jutglà,67272136,92.08,63.42,90.08,9.92,16.92,29.58,4.92,32.75,52.42,61.33,12.5,4.67,,{}
Rayan,2000218544,10.5,53.92,23.92,94.42,33.92,72.17,72.5,87.83,89.5,13.33,73.75,93.42,creator;adwanced forward,{"creator":72;"adwanced forward":84}
Daniel Pérez,86072360,77.92,80.33,85.92,20,44.67,10.83,12.25,64.58,58.33,78.92,18.92,15.5,goalscorer,{"goalscorer":81}
Alexis Tibidi,2000006110,31.17,70.08,67.58,91.67,16.92,80.92,85.5,97.42,69.83,42.75,73,60.33,creator,{"creator":83}
Henrique Araújo,83261904,61.08,59.67,58.67,64,39.5,24.17,11.33,49.58,77.33,48.67,32.33,26,,{}
Shaqueel van Persie,2000177913,70.58,88.58,89.25,48.08,54.42,64,63.08,80.42,73.83,58.25,47.5,55,goalscorer,{"goalscorer":83}
Agustín Ruberto,2000173400,92.08,58.5,83,16.42,12.67,10.83,37.33,66.92,24.25,77.17,48.5,28.5,,{}
Mohamed Skhiri,2002099573,36.33,20.33,21.08,58.83,99.33,10.83,31.75,10.58,80.58,64.67,78.83,35.58,,{}
Lautaro Pastrán,2000049540,4.08,70.08,10.83,90.33,76.42,87,94.33,52.92,24.25,18.42,92.25,86.67,pressing forward;creator;adwanced forward,{"pressing forward":83;"creator":91;"adwanced forward":89}
Enric,2002074870,22.58,8.33,10.83,65.25,94.92,68.58,87.67,8.5,24.25,4.08,81.5,63.83,,{}
Sebastiano Esposito,43425069,42.08,32.33,35.75,22.33,14.67,14.58,10.83,90.25,97.5,62.08,18.08,9.25,,{}
Anderson Niangbo,13136663,7.92,84,27.75,0.75,0.25,24.17,4.92,40.08,24.25,82.42,1.08,2.25,,{}
Emanuel Emegha,37088234,56.17,88,80.33,12.25,10.33,41.42,34.42,92.83,99.25,87.25,36.58,22.58,target forward,{"target forward":93}
Kai-David Nicolas,2002075630,84.17,49.92,63.75,40.5,49.33,14.58,42.25,92.83,99.42,53.75,7.42,26.92,,{}
Mateus Iseppe,2000270859,94.17,73.5,89.25,49.67,76.42,83.08,74.17,12.83,24.25,10.92,58.08,77.25,goalscorer;creator,{"goalscorer":86;"creator":79}
Carlos García,2002073952,87.5,24.08,41.75,70.33,84.58,78.17,74.17,71.25,64.08,39.25,91.5,50.83,pressing forward;creator,{"pressing forward":77;"creator":76}
Anders Dreyer,27111934,36.33,19.25,28.83,49.08,84.58,54.83,19.75,12.83,24.25,60.08,4.58,29.75,,{}
Luciano Gondou,14242394,36.33,94.75,81.42,23.25,39.5,54.83,63.08,94,64.08,50.42,36.58,54,,{}
Martín Satriano,78097218,5.58,26.83,9.67,15.58,19.58,1.75,13.33,96.5,98.67,58,11.08,9.83,,{}
Manuel Duarte,2000094562,74.17,9.42,35.75,81.08,76.42,99.58,98.75,1,24.25,9.25,64.92,98.25,pressing forward;creator,{"pressing forward":79;"creator":99}
Óscar Aranda,2000052060,77.92,80,73.33,68.58,39.5,35.83,24.92,84.42,52.42,11.17,78.83,34.58,goalscorer,{"goalscorer":77}
Paris Brunner,2000180882,66.5,47.42,67.58,36.83,29.08,10.83,28.33,58.75,89.5,48.25,71.08,16.17,,{}
Ciro Armoa,2000206598,46.67,40.08,49.5,72.75,5.58,68.58,56.58,60.08,24.25,28.25,77.25,60.33,,{}
Mamoudou Karamoko,49045804,17.67,84,46.92,5.83,4.42,24.17,1.08,18.33,24.25,90.08,5.25,1.42,,{}
Lucas Díaz,2002074334,90,80.83,91.42,7.83,71.25,64,54.83,47.33,64.08,72.08,49.5,54,goalscorer,{"goalscorer":87}
Hugo Ekitike,49062667,56.17,58.5,54.33,43.25,60.5,19.17,28.33,75.42,89.5,62.25,50.67,56.33,,{}
Isidre,2002073337,81,36.17,56.5,24.42,80.75,29.58,30.17,8.5,52.42,52.92,79.83,29.75,,{}
Matchoi Djaló,83297506,13.42,24.08,23.92,85.92,49.33,72.17,66.33,26.5,24.25,16.67,69.75,67.25,,{}
Luis,2002134509,87.5,51.08,81.42,72.33,54.42,72.17,75.17,77.67,24.25,24.08,82.33,68.83,creator,{"creator":74}
Jarne Steuckers,18115871,46.67,8.33,12.42,99.58,80.75,35.83,26.42,57.17,52.42,65.25,37.08,38.17,pressing forward,{"pressing forward":90}
Luca D'Andrea,2000024665,36.33,2.25,4.92,73.25,39.5,68.58,77.08,12.83,24.25,22.75,90.17,77.67,adwanced forward,{"adwanced forward":84}
Juan Román Zarza,14227187,42.08,34.42,28.83,60,80.75,58.75,49.92,6.33,24.25,6,78.58,44.25,,{}
Júlio César,2002120037,31.17,22.17,21.08,79.58,71.25,72.17,76.25,2.17,24.25,14.08,94.25,86.67,pressing forward;creator;adwanced forward,{"pressing forward":75;"creator":74;"adwanced forward":90}
Franjo Ivanović,2000068412,84.17,92.5,91.42,62.67,44.67,58.75,66.33,81.5,96.67,59.67,22.25,66.67,goalscorer,{"goalscorer":89}
Amin Sarr,93122985,84.17,99.17,99.08,31.58,80.75,75.33,45.75,94.75,89.5,73.75,50.67,58.83,goalscorer;target forward,{"goalscorer":94;"target forward":86}
Ervis Adili,2002072456,42.08,17.08,31.5,65.83,97,35.83,18,60.08,87.17,38.75,64.92,35.58,,{}
Atsushi Sugimoto,2002098011,77.92,49.92,37.75,71.92,98.67,75.33,44.25,26.5,24.25,2.33,90.42,62.83,pressing forward,{"pressing forward":85}
Ezequiel Bullaude,14207820,36.33,11.83,21.08,89.42,39.5,7.33,7.17,73.58,24.25,88.75,54.83,25.25,,{}
Agustín Colazo,2000071257,46.67,63.42,39.67,71.75,88.42,58.75,72.5,91.58,97,85.58,39.17,56.33,pressing forward;target forward,{"pressing forward":80;"target forward":91}
Yoan Bonny,49061476,77.92,93.75,93.92,44.17,80.75,10.83,10.25,85.92,73.83,94.25,16.33,25.25,goalscorer;target forward,{"goalscorer":89;"target forward":85}
Francesc Durán,2002135876,66.5,93.33,85.92,22.33,44.67,68.58,74.17,58.75,73.83,51.92,38.25,64.83,,{}
Christian Rasmussen,27148085,74.17,32.33,46.92,40.5,54.42,35.83,49.92,47.33,80.58,41,37.08,26.92,,{}
Naci Ünüvar,37079279,22.58,47.42,21.08,51.75,84.58,72.17,52.25,10.58,24.25,22.25,54.25,56.33,,{}
Facundo Farías,14240979,90,13.42,37.75,50.67,54.42,35.83,70,18.33,24.25,25.08,77.58,47.58,,{}
Wahid Faghir,27156353,17.67,97.08,51.58,3.08,10.33,19.17,1.08,68.58,24.25,93.42,3.92,4,,{}
Arnal Sole,2002073155,77.92,61,71.33,73.5,66.17,1.75,7.17,29,77.33,42.58,51.25,32.33,,{}
Kai Pluim,2002072752,17.67,95.92,51.58,9.25,5.58,29.58,10.25,77.67,73.83,26.25,10.67,8,,{}
Gabriel James,2002074113,61.08,30.58,39.67,17.17,8.33,4,26.42,85.92,87.17,87.92,8.42,17.08,target forward,{"target forward":87}
Mateo Sequeira,2002074650,74.17,70.92,69.58,64,96,94.08,95,8.5,24.25,14.25,90.17,92.42,creator;adwanced forward,{"creator":95;"adwanced forward":91}
Fabrício,2002152720,61.08,85.58,91.42,47.17,96,72.17,65.08,86.83,24.25,84.33,37.08,85.92,,{}
Lucas Marrone,2002074587,56.17,57.33,63.75,5.17,16.92,29.58,39.08,71.25,58.33,66.75,56.83,17.83,,{}
Fábio Silva,83228802,42.08,53.92,49.5,66.75,44.67,14.58,24.92,75.42,97.92,84.67,44.92,36.58,target forward,{"target forward":86}
Emiel De Vos,2002162272,74.17,68.25,73.33,82.83,29.08,97.17,98.5,52.92,24.25,1.08,99.92,98.58,creator;adwanced forward,{"creator":98;"adwanced forward":99}
Samuel González,2002124203,36.33,57.33,41.75,63.17,49.33,58.75,64,3.17,24.25,29.67,93.92,52.58,,{}
Marc Ortiz,2000068017,66.5,25.92,33.67,37.5,98.67,46.75,58.42,45.42,24.25,57.25,50,65.67,,{}
Arijon Ibrahimović,2000114473,31.17,20.33,23.92,92.83,60.5,87,76.25,18.33,73.83,23.17,75.58,55.5,creator,{"creator":82}
Raimonds Krollis,47092784,51.17,80.83,67.58,56.5,29.08,35.83,54.83,87.83,87.17,17.08,38.25,41.83,,{}
Tiago Tomás,83261927,70.58,77.42,77.83,15,22.5,10.83,28.33,64.58,24.25,95.58,18.08,46.92,goalscorer,{"goalscorer":75}
Gabriel Silva,19360961,77.92,97.92,95.83,39.5,66.17,99.33,99.92,37.5,64.08,7.25,94.75,99.42,goalscorer;creator;adwanced forward,{"goalscorer":91;"creator":100;"adwanced forward":97}
Ive Balaban,2002075517,36.33,36.17,28.83,38.5,71.25,29.58,16.17,97.42,95.33,68.33,9.08,25.25,,{}
Rodrigo Mendes,2000024689,51.17,40.08,46.92,53.58,44.67,35.83,58.42,21.67,24.25,55.42,83.92,65.67,,{}
Juan Bisanz,14224843,36.33,29.58,29.92,79.25,60.5,87,96.17,79.33,64.08,56.25,57.42,74.42,creator,{"creator":92}
Agustín Grillo,2000037068,22.58,3.42,8.42,94.67,16.92,72.17,70,61.83,80.58,93.75,22.25,78.58,creator,{"creator":71}
Mário Gomes,2002154103,17.67,89,51.58,49.08,71.25,78.17,63.08,94.75,89.5,38.42,79.42,54,,{}
Rafael Guimente,2002119971,96,59.67,69.58,61.92,88.42,89.08,56.58,26.5,24.25,56.75,80.33,73.33,adwanced forward,{"adwanced forward":77}
Daniel,2002152995,56.17,49.92,69.58,36.83,66.17,58.75,61.83,49.58,52.42,52.17,75.25,57.33,,{}
Pau Víctor,2000062523,77.92,54.92,71.33,55.25,14.67,4,18,57.17,88.42,78.33,26.33,5.75,,{}
Diego Ibáñez,2002127752,66.5,89,85.92,10.25,94.92,46.75,56.58,95.42,64.08,68.67,21.67,74.42,,{}
Gabriel Moreno,2000184506,17.67,15.75,10.83,72.33,66.17,78.17,87.67,84.42,97.25,83.25,74.83,69.25,creator;target forward,{"creator":83;"target forward":88}
Ezequiel Bordón,2002127306,51.17,20.33,21.08,88.75,49.33,99.75,98.5,24.42,24.25,0.67,96.58,99.25,creator;adwanced forward,{"creator":99;"adwanced forward":98}
Danilo,2002121061,26.83,92.5,65.58,91.67,88.42,68.58,73.5,89,90.75,19.08,82,61.58,pressing forward,{"pressing forward":90}
Matheus França,2000090823,22.58,76.5,49.5,80.17,54.42,87,75.17,97.92,97.92,99.92,13.33,98.92,creator;target forward,{"creator":81;"target forward":99}
Damienus Reverson,2000040427,94.17,34.42,60.33,41.33,66.17,29.58,37.33,66.92,93.83,63.42,40.42,21.67,,{}
Lukas Da Cruz,2000307598,7.92,77.92,26.25,1.58,19.58,24.17,2.67,21.67,52.42,74.25,1.83,1.42,,{}
George Ilenikhena,2000214136,42.08,92.92,77.83,22.33,80.75,46.75,19.75,47.33,24.25,9.75,48.5,28.5,,{}
Lautaro Fedele,2000085182,84.17,81.5,94.5,30.17,88.42,78.17,95.5,2.17,24.25,86.08,33.25,78.58,goalscorer;creator,{"goalscorer":87;"creator":87}
Pedro Campos,2002074964,74.17,51.08,71.33,38.5,39.5,64,58.42,47.33,77.33,25.25,82.58,46.92,,{}
Magnus Warming,27132199,42.08,92.92,81.42,4.08,66.17,19.17,9.08,61.83,24.25,49.42,33.92,38.17,,{}
Thomas Kastanaras,2000051522,61.08,31.08,51.58,49.08,44.67,14.58,49.92,52.92,85.42,82.42,33.92,23.83,,{}
Christian Sinisgallo,2002133565,10.5,53.92,23.92,87.42,54.42,92.58,88.5,92.83,87.17,41.25,39.5,97.33,creator,{"creator":91}
Iván Traver,2002073331,31.17,59.67,37.75,28.33,71.25,87,81.25,15.5,58.33,8.58,84.17,79.17,creator;adwanced forward,{"creator":84;"adwanced forward":82}
Davide Corelli,2002135437,51.17,53.92,62,68,49.33,89.08,96.75,18.33,24.25,40.08,35.5,95.08,creator,{"creator":93}
João Maca,2002075331,4.08,26.83,15.08,41.08,10.33,29.58,33.17,47.33,24.25,73.17,57.92,40.83,,{}
Ernest Poku,2000014559,96,34.42,71.33,70.33,71.25,10.83,5.67,6.33,24.25,74.5,56.83,23.83,pressing forward,{"pressing forward":71}
Saïdou Touré,2000254668,56.17,48.67,56.5,33.17,71.25,35.83,14.58,61.83,64.08,14.67,45.42,26.92,,{}
Amario Cozier-Duberry,2000134393,56.17,11.83,21.08,89.92,94.92,24.17,30.17,15.5,24.25,12.83,83.67,23.83,pressing forward,{"pressing forward":92}
Sidney Pires,2002075440,42.08,72.67,49.5,52.83,44.67,84.92,85.5,6.33,64.08,27.08,39.92,67.92,creator,{"creator":85}
Julien Bellet,2002074825,77.92,51.08,69.58,84.92,19.58,19.17,37.33,26.5,58.33,68.67,26.67,26.92,,{}
Ramón Ramos,2002102123,17.67,17.08,12.42,31.58,33.92,19.17,42.25,0.33,24.25,43,61.17,23.83,,{}
Eddie Salcedo,43372893,90,37.25,53.08,19.42,25.5,1.75,10.25,49.58,24.25,80.5,18.08,7.42,,{}
Derek Suárez,2000051202,17.67,25.92,17,66.25,19.58,54.83,73.5,92.83,98.42,33.33,71.58,83.17,adwanced forward,{"adwanced forward":77}
José,2002152616,77.92,86.75,93.42,74.67,33.92,54.83,49.92,84.42,80.58,92.25,40.42,72.58,goalscorer;target forward,{"goalscorer":86;"target forward":86}
José Romário,2002152566,84.17,43.25,76.75,24.42,54.42,29.58,23.67,2.17,24.25,82.42,26.33,20.75,,{}
Anders Axelsson,2002072680,26.83,74.75,56.5,2.42,2.5,41.42,7.17,15.5,52.42,64.67,3.67,2.08,,{}
Federico Girotti,14183211,61.08,96.92,84.58,48.08,19.58,24.17,22.17,96.92,64.08,80.5,9.08,48.25,,{}
Lucas Besozzi,2000048809,31.17,7.33,17,33.67,39.5,35.83,34.42,15.5,24.25,89.08,17.42,39.5,,{}
Ricardo,2002119991,77.92,74.08,79,18.58,71.25,51.5,61.83,18.33,24.25,39.5,67.67,50,goalscorer,{"goalscorer":77}
Abbévi Bissirou,2002075511,70.58,47.42,71.33,24.42,60.5,78.17,88.5,40.08,69.83,23.92,56.08,93.92,creator,{"creator":83}
Claudio Echeverri,2000094152,31.17,90.17,58.67,67.5,60.5,72.17,77.08,18.33,83.5,61.33,57.67,75.92,creator,{"creator":75}
Cristian Gauna,2002127557,42.08,76.5,62,28.83,19.58,72.17,75.17,8.5,24.25,56.5,66.08,61.58,creator,{"creator":74}
Gabriel Iriarte,2000036875,31.17,38.17,23.92,23.75,60.5,19.17,47.83,64.58,89.5,73.92,52.33,29.75,,{}
Javi Llabrés,2000197966,5.58,15.75,3.58,68,60.5,19.17,24.92,37.5,24.25,36.58,56.83,21.67,,{}
Facundo Daniele,2000144691,36.33,59.67,46.92,44.17,54.42,41.42,66.33,79.33,87.17,51.33,52.75,53.17,,{}
Mattia Mosconi,2000269293,46.67,39.25,46.92,31.58,76.42,19.17,20.92,29,58.33,83.58,56.83,46.92,,{}
Jerónimo Rojas,2002136213,51.17,49.92,69.58,56.5,33.92,78.17,87.67,82.75,24.25,81.42,31.75,71.42,creator,{"creator":83}
Alberto Ruiz,2002135568,0.83,0.92,0.83,92,60.5,51.5,47.83,37.5,24.25,35.25,67.08,80.83,,{}
Frank Tsadjout,43268698,74.17,75.58,85.92,13.5,29.08,29.58,5.67,89,85.42,80.75,5.67,29.75,goalscorer;target forward,{"goalscorer":79;"target forward":85}
Figueiredo,2000036263,7.92,29.58,9.67,46.33,5.58,19.17,22.17,4.42,24.25,42.33,30,14.92,,{}
Justin Poulain,2002136408,97.75,3.42,35.75,70.33,33.92,14.58,30.17,10.58,24.25,28.92,67.67,37.33,,{}
Mikey Moore,2000298715,2.92,10.75,2.83,98.92,29.08,54.83,58.42,34.92,64.08,31.58,70.67,87.92,adwanced forward,{"adwanced forward":79}
Gonzalo Navarro,2002073110,26.83,43.25,39.67,80.92,60.5,58.75,44.25,6.33,24.25,55.67,86.17,71.42,adwanced forward,{"adwanced forward":79}
Gabriel,2002152608,22.58,92.92,60.33,77.08,76.42,84.92,92.92,91.58,64.08,21.92,91.5,89.58,pressing forward;creator;adwanced forward,{"pressing forward":77;"creator":89;"adwanced forward":91}
Gustavo Ferreira,2000270349,66.5,62.17,69.58,33.92,25.5,4,19.75,90.25,24.25,93.92,30.42,11.83,,{}
Álvaro Grande,2002134600,17.67,72.67,31.5,41.75,33.92,24.17,26.42,68.58,87.17,68.33,68.75,31.33,,{}
Kazeem Olaigbe,18111482,5.58,34.42,15.08,3.83,88.42,24.17,4.92,32.75,24.25,36.25,4.25,6.42,,{}
Omari Kellyman,2000147523,46.67,54.92,60.33,44.17,71.25,46.75,68.58,55.75,24.25,39.75,68.33,63.83,,{}
Luca Raimund,2000180828,0.83,66.67,0.83,95.17,54.42,24.17,28.33,98.75,99.75,90.92,60.5,68.83,target forward,{"target forward":96}
Matias Padilla,2002127670,61.08,44.42,69.58,70.33,33.92,51.5,47.83,93.5,99.08,31.92,80.92,74.42,adwanced forward,{"adwanced forward":78}
Giacomo Sala,2002123931,42.08,82.75,63.75,59.17,10.33,80.92,86.67,66.92,24.25,75.58,46.67,65.67,creator,{"creator":84}
Matías Albornoz,2002136620,74.17,12.58,44.17,11.33,10.33,19.17,47.83,4.42,24.25,76.42,35.08,23.83,,{}
Robin van Duiven,2000215378,13.42,34.42,15.08,25.17,71.25,29.58,35.75,12.83,24.25,53.42,54.83,44.25,,{}
Giacomo Quaranta,2002133750,92.08,14.83,39.67,44.17,71.25,19.17,18,40.08,24.25,33.58,77.92,36.58,,{}
Valerio Pugliese,2002075153,84.17,38.17,67.58,30.17,84.58,41.42,47.83,2.17,24.25,48.92,34.5,32.33,,{}
Jerónimo Domina,2000166219,31.17,6.08,13.92,66.75,44.67,19.17,12.25,45.42,24.25,15.42,81.5,55.5,,{}
Magnus Kaastrup,27138191,10.5,63.42,21.08,8.92,29.08,83.08,28.33,26.5,24.25,49.83,25.83,34.58,,{}
Valentín Chocobar,2000209149,51.17,59.67,51.58,32.5,39.5,46.75,74.17,0.08,77.33,27.92,39.5,29.75,,{}
Germán Oliva,2002136535,84.17,70.92,87.33,21.75,19.58,83.08,66.33,6.33,24.25,52.92,62.75,57.33,goalscorer,{"goalscorer":81}
Alex Luna,14236686,17.67,14.25,12.42,67.08,88.42,64,53.33,10.58,58.33,36.75,83.42,65.67,,{}
Luca Moro,43379699,84.17,79.33,93,5.17,33.92,35.83,2.67,90.25,91.58,33.75,4.25,9.83,goalscorer,{"goalscorer":86}
Santiago Castro,14236223,61.08,10.08,21.08,40.5,49.33,10.83,22.17,21.67,24.25,74.75,52.33,15.5,,{}
Mikel Herrero,2002134609,2.92,54.92,12.42,63.42,33.92,58.75,64,58.75,69.83,48.42,74.83,87.33,adwanced forward,{"adwanced forward":81}
Jeisson Pedraza,2002074519,74.17,86.25,91.42,20,2.08,24.17,44.25,80.42,64.08,69.08,13.33,19.58,goalscorer,{"goalscorer":84}
Lukáš Vorlický,43474384,4.08,12.58,4.92,92,84.58,19.17,35.75,95.92,95.92,87.08,75.25,45,pressing forward;target forward,{"pressing forward":88;"target forward":93}
Ramiro Centurión,2002146989,87.5,61,80.33,70.75,54.42,54.83,58.42,71.25,87.17,24.5,79.83,45,,{}
Tomás Rambert,2000048651,22.58,2.25,6.75,88.08,88.42,54.83,37.33,84.42,24.25,23.75,62.08,33.58,pressing forward,{"pressing forward":88}
Maurício,2002120082,56.17,69.5,77.83,11.33,97.92,51.5,71.33,82.75,24.25,36.42,59.08,45.58,,{}
Amine Salama,2000180911,51.17,65,54.33,55.83,44.67,7.33,35.75,84.42,77.33,80.92,12.08,28.5,target forward,{"target forward":81}
Ian Rojas,2000121243,70.58,42.33,71.33,39.75,54.42,51.5,51.17,71.25,64.08,62.5,65.42,83.67,,{}
Sebastián Díaz,2000148680,87.5,47.42,90.08,17.42,29.08,35.83,39.08,4.42,24.25,55.92,47.5,64.83,,{}
Mohamed Salah El Boukammiri,2000204002,61.08,75.58,67.58,16.08,33.92,29.58,35.75,47.33,52.42,25.42,24.33,35.58,,{}
Sydney van Hooijdonk,37070319,56.17,77.92,63.75,50.25,6.83,4,10.25,66.92,24.25,41.58,18.67,3.33,,{}
Allan,2002120840,31.17,79.33,56.5,63.17,97,98.92,91.08,82.75,64.08,3.42,98.58,85.33,creator;adwanced forward,{"creator":95;"adwanced forward":92}
Mathis Lambourde,2000191931,5.58,24.08,9.67,78.33,49.33,68.58,66.33,89,52.42,24.92,83.08,66.67,,{}
Emanuel Solé,2002136465,22.58,37.25,29.92,54.83,6.83,58.75,51.17,57.17,24.25,32.75,49.08,63.83,,{}
Lino Decresson,2000254421,81,64.42,87.33,0.92,0.42,19.17,12.25,49.58,69.83,95.92,3.33,0.25,,{}
Luciano Carmona,2002136185,51.17,11.25,27.75,78.08,44.67,35.83,44.25,34.92,64.08,99.75,24.33,73.33,,{}
Gonzalo Morales,2000050088,4.08,13.42,4.92,45.83,88.42,4,12.25,8.5,24.25,57.75,25.83,18.75,,{}
Alejo Figueredo,2002105164,51.17,62.17,83,14.08,12.67,29.58,28.33,77.67,64.08,23.42,69.42,38.17,,{}
Mohamed Bennani,2002072885,36.33,25.92,26.25,68.33,25.5,41.42,54.83,80.42,73.83,54.08,42.17,55,,{}
Bernardo Valim,2000218553,26.83,29.58,33.67,21.33,22.5,78.17,80.08,91.58,24.25,44.75,15.58,90.25,creator,{"creator":79}
Lucas Rebecchi,14222104,84.17,88.58,94.5,27.67,19.58,29.58,49.92,58.75,83.5,71.17,43.75,38.17,goalscorer,{"goalscorer":89}
Jovan Milošević,2000178782,51.17,43.25,54.33,18,8.33,7.33,14.58,99.92,97,34.08,36.58,11.83,,{}
Luka Andrade,2000204278,51.17,86.25,80.33,86.42,54.42,95.58,93.75,85.92,88.42,89.83,84.42,96.58,creator;target forward;adwanced forward,{"creator":95;"target forward":88;"adwanced forward":91}
Gustav Mogensen,27139577,26.83,82.75,46.92,4.58,5.58,7.33,14.58,82.75,58.33,79.92,6,14.92,,{}
Ivenzo Thier,2000249737,61.08,65.75,56.5,51.17,60.5,58.75,61.83,37.5,24.25,56.92,52.33,88.92,,{}
Alessio Vacca,2000098311,42.08,30.58,33.67,73,19.58,58.75,61.83,86.83,95.33,52.58,51.58,58.83,,{}
Zakaria El Ouahdi,2000065641,13.42,82.08,41.75,1.75,39.5,41.42,1.08,10.58,24.25,68.92,2.08,1.42,,{}
Lucas Gómez,2002136247,98.42,3.42,21.08,59.58,80.75,92.58,90.33,64.58,85.42,99.25,61.92,94.5,creator,{"creator":91}
Romeo Vermant,2000006275,42.08,90.75,76.75,1.25,97.92,24.17,4,29,24.25,91.25,2.5,1.92,,{}
Alfred Cucurella,2002072499,74.17,16.42,31.5,30.17,8.33,19.17,31.75,60.08,89.5,40.25,23.17,12.75,,{}
William Osula,28128173,31.17,95.5,67.58,2.58,54.42,46.75,35.75,84.42,69.83,12.42,3.67,15.5,,{}
Henrik Shahinyan,2002075462,61.08,22.17,39.67,13.5,71.25,14.58,19.75,3.17,24.25,88.58,31.75,17.83,,{}
Tim Lakies,2002073014,51.17,26.83,33.67,86.92,84.58,72.17,77.83,12.83,58.33,64.42,71.42,67.25,pressing forward;creator,{"pressing forward":86;"creator":75}
Justin Njinmah,91205613,61.08,21.25,49.5,29.5,66.17,4,7.17,8.5,24.25,97.25,47.08,15.5,,{}
Guillermo Barone,2002127476,87.5,79.33,84.58,14.67,29.08,64,80.08,71.25,73.83,35.42,67.67,72.58,goalscorer,{"goalscorer":84}
Claudio Jara,2002127308,36.33,83.33,73.33,12.25,22.5,46.75,52.25,86.83,24.25,46.08,43.75,29.75,,{}
Moutir Chajia,18096854,22.58,63.42,31.5,6.25,99.08,46.75,4.92,29,52.42,48.67,10.17,29.75,,{}
Hamza Bouhadi,2000117328,36.33,34.42,35.75,12.75,71.25,35.83,18,18.33,24.25,55.25,37.92,29.75,,{}
Elayis Tavşan,37065568,90,2.75,26.25,78.67,71.25,7.33,30.17,55.75,69.83,31.25,53.58,17.83,pressing forward,{"pressing forward":75}
Fernando González,2002156486,51.17,84,84.58,27.25,54.42,54.83,42.25,75.42,24.25,23.58,30.42,65.67,,{}
Shane Doyle,2002123278,17.67,57.33,31.5,45.17,33.92,58.75,56.58,90.25,80.58,20.83,56.08,58.83,,{}
Gustavo Sepe,2002136495,22.58,57.33,39.67,45.17,88.42,54.83,65.08,68.58,64.08,79.25,96.25,35.58,,{}
Vivaldo Semedo,2000104444,22.58,91.42,81.42,19.42,44.67,46.75,30.17,96.5,92.5,86.67,14.92,92.17,target forward,{"target forward":92}
Diogo Henriques,2002101694,84.17,1.08,6.75,91.08,88.42,29.58,26.42,18.33,24.25,54.92,82,22.58,pressing forward,{"pressing forward":90}
Massimiliano Matta,2002123584,74.17,31.67,46.92,87.75,99.58,78.17,37.33,31,24.25,30.42,39.17,57.33,pressing forward,{"pressing forward":94}
Renato Pedro,2000024674,94.17,15.75,44.17,50.42,14.67,35.83,47.83,18.33,24.25,67.92,34.5,31.33,,{}
Bruno Pereira,2002144411,26.83,21.25,19,75.08,71.25,80.92,89.67,21.67,24.25,23.17,97.25,83.17,pressing forward;creator;adwanced forward,{"pressing forward":73;"creator":85;"adwanced forward":90}
Julián Núñez,2002156592,74.17,91.42,95.17,37.5,60.5,80.92,82.5,79.33,64.08,13.75,62.42,87,goalscorer;creator,{"goalscorer":87;"creator":82}
Gastón Irala,2002156677,51.17,53.92,53.08,44.17,97,72.17,66.33,10.58,24.25,24.75,94.58,76.42,adwanced forward,{"adwanced forward":86}
Tijn den Boggende,2000199407,42.08,48.67,62,21,44.67,14.58,7.17,97.42,77.33,95.08,6.75,20.75,target forward,{"target forward":90}
Cristóbal Fraile,2002145735,87.5,76.5,85.92,30.17,60.5,68.58,65.08,37.5,58.33,43.83,70.67,74.42,goalscorer;adwanced forward,{"goalscorer":83;"adwanced forward":73}
N'dri Philippe Koffi,49062609,61.08,68.92,73.33,46.75,19.58,19.17,45.75,77.67,80.58,81.08,32.33,19.58,target forward,{"target forward":80}
Simon Elisor,49060444,17.67,85.58,46.92,1.08,29.08,68.58,1.08,49.58,24.25,78.67,0.42,0.58,,{}
Nicolás Maritato,2000118466,77.92,25.17,46.92,40.5,54.42,84.92,82.83,2.17,24.25,69.92,41.67,70.5,creator,{"creator":84}
Hakim Sahabo,2000208403,2.92,67.5,9.67,4.33,25.5,14.58,2.67,40.08,52.42,62.75,21.67,20.17,,{}
Cauê,89068839,17.67,92.08,56.5,4.92,54.42,24.17,16.17,34.92,24.25,26.58,5.25,7.08,,{}
Gastón Giacone,2002136700,42.08,44.42,46.92,64.67,14.67,54.83,28.33,52.92,24.25,21.08,79.83,87.92,adwanced forward,{"adwanced forward":84}
Agustín Ríos,2002156312,36.33,61,49.5,80.17,76.42,83.08,39.08,94.75,96.67,59.42,59.67,79.17,pressing forward,{"pressing forward":78}
Younes Mokhtari,37079431,36.33,84,58.67,2.75,33.92,29.58,7.17,40.08,64.08,52.42,2.5,6.42,,{}
Nicolás Pistone,14245238,97.75,91.75,98.25,57.08,88.42,93.33,89.33,34.92,24.25,44.58,85.5,81.42,goalscorer;creator;adwanced forward,{"goalscorer":96;"creator":91;"adwanced forward":83}
Noam Emeran,49061888,0.83,5.58,0.83,94.08,66.17,87,89.67,49.58,69.83,4.42,96,69.25,creator,{"creator":88}
Jona Niemiec,2000078565,90,85.17,91.42,44.17,25.5,10.83,9.08,64.58,24.25,96.5,55.75,19.58,goalscorer,{"goalscorer":89}
Martijn Thoma,2000114030,74.17,56.33,74.75,6.67,39.5,1.75,13.33,57.17,73.83,94.42,9.08,5,,{}
Rubén Ordoñez,2002072694,10.5,15.08,6.75,47.42,14.67,19.17,23.67,58.75,98.25,98.25,12.5,25.25,,{}
Rayane Bounida,2000127879,36.33,66.67,46.92,30.17,3.5,78.17,45.75,10.58,24.25,77.42,51.83,43.42,,{}
Enzo Sternal,2000287837,96,48.67,82.25,60.33,10.33,41.42,70,61.83,24.25,66.58,20.5,38.17,,{}
Luiz Guilherme,2000118304,77.92,99.42,99.75,6.67,60.5,7.33,9.08,81.5,80.58,98.08,14.92,42.67,goalscorer;target forward,{"goalscorer":92;"target forward":87}
Tiebe Coppin,2000270803,31.17,87.25,62,0.08,91.67,19.17,1.08,85.92,24.25,98.42,0.08,0.25,,{}
Enric Granell,2002072505,36.33,25.17,21.08,55.25,19.58,35.83,45.75,18.33,24.25,26.08,50.67,20.75,,{}
Yonni La Barbera,2000270838,2.08,40.75,4.92,28.83,22.5,35.83,1.08,32.75,24.25,2.08,41.67,37.33,,{}
Iván Salomón,2002136783,42.08,34.42,35.75,80.67,84.58,64,40.5,6.33,52.42,42.33,62.42,66.67,pressing forward,{"pressing forward":83}
Romain Perret,2000126677,61.08,15.75,35.75,74.25,39.5,58.75,64,18.33,24.25,48.08,50,73.75,,{}
Romain Legendre,2002072876,51.17,83.33,71.33,21.33,19.58,24.17,2.67,42.83,73.83,38.58,34.5,10.5,,{}
Rian Assumpção,2002132132,94.17,87.75,96.42,42.33,22.5,64,49.92,68.58,64.08,39.5,32.92,69.25,goalscorer,{"goalscorer":93}
Stanislav Karas,2002075426,31.17,27.67,33.67,28,29.08,35.83,28.33,61.83,80.58,79.75,36,14.5,,{}
Alexander Simmelhack,2000169857,81,97.75,95.17,4.33,4.42,41.42,4,68.58,94.58,67.58,11.08,8.83,goalscorer,{"goalscorer":91}
Franciscus De Meyer,2002073692,61.08,96.5,91.42,0.33,8.33,10.83,2.67,77.67,24.25,91.25,0.83,1.42,,{}
Nemanja Motika,2000062142,51.17,40.75,53.08,83.75,49.33,46.75,42.25,29,24.25,30.58,89.17,82,adwanced forward,{"adwanced forward":86}
Mario Barlocco,2000278405,10.5,12.58,4.92,98.25,71.25,78.17,86.67,42.83,24.25,20.58,85.08,79.17,pressing forward;creator;adwanced forward,{"pressing forward":85;"creator":82;"adwanced forward":82}
Logan Chevallier,2000067664,5.58,24.08,6.75,83.75,71.25,54.83,53.33,75.42,24.25,26.92,88.08,83.67,pressing forward;adwanced forward,{"pressing forward":78;"adwanced forward":86}
Roberto Díaz,2002146644,61.08,79.33,82.25,11.58,76.42,54.83,49.92,98.33,83.5,50.75,11.67,33.58,,{}
Kaidyn Wrightman,2002144030,61.08,5.58,19,17.17,29.08,4,16.17,6.33,24.25,80.17,21.67,8.83,,{}
Matthieu Guillot,2002075097,31.17,28.58,28.83,97.08,60.5,78.17,54.83,77.67,58.33,47.25,96.75,71.42,adwanced forward,{"adwanced forward":84}
Ilyas el Moussaoui,37085326,26.83,52.75,33.67,23.75,14.67,0.17,11.33,64.58,24.25,95.25,25.25,5.75,,{}
Soulyman Allouch,37079093,99,22.17,46.92,42.92,60.5,46.75,42.25,6.33,52.42,28.58,69.08,32.83,,{}
Gabriel Carvalho,2000273988,26.83,63.42,29.92,23.25,76.42,94.5,92.08,15.5,69.83,26.42,44.5,91.83,creator,{"creator":93}
Ian Escobar,2000141714,81,86.25,85.92,49.67,33.92,83.08,86.67,15.5,24.25,50.08,59.67,84.83,goalscorer;creator,{"goalscorer":84;"creator":85}
Jacob Gangsted Gartenmann,2002172116,46.67,98.33,89.25,0.33,12.67,7.33,4.92,42.83,24.25,94.92,2.92,0.25,,{}
Gastón Echeverría,2002146873,51.17,38.17,37.75,25.83,76.42,51.5,47.83,4.42,24.25,29.33,53,50,,{}
Matthew Williams,2002133283,42.08,75.58,51.58,62.25,44.67,4,20.92,32.75,24.25,73.42,68.33,10.5,,{}
Ángel Arroyo,2002136515,7.92,26.83,12.42,77.58,60.5,80.92,80.08,34.92,24.25,70.42,87.58,85.92,creator;adwanced forward,{"creator":81;"adwanced forward":87}
Mauro Bruna,2002074341,56.17,81.5,87.33,7.33,0.83,35.83,23.67,45.42,24.25,37.75,29.17,22.58,,{}
Szabolcs Márton,2002075626,56.17,7.33,21.08,71.25,39.5,46.75,40.5,34.92,24.25,96.5,14.42,43.42,,{}
João Infante,2000188449,66.5,45.67,65.58,10.92,33.92,10.83,13.33,57.17,73.83,95.75,17.42,26.92,,{}
Enzo Faty,2000290405,10.5,45.67,23.92,34.08,54.42,46.75,39.08,73.58,83.5,72.42,28.5,35.58,target forward,{"target forward":77}
Youness Allioui,2002134573,98.42,48.67,82.25,31.58,22.5,1.75,1.08,55.75,24.25,55.08,27.58,14.5,,{}
Vitinho,2002131838,7.92,18.17,13.92,57.33,12.67,29.58,35.75,37.5,24.25,37.42,41.67,41.83,,{}
Lars Jensen,2002123410,31.17,95.5,69.58,15.58,71.25,58.75,23.67,21.67,24.25,99.42,0.83,5,,{}
Tomás Hernández,2002127395,77.92,98.08,97.92,24.42,54.42,64,81.83,95.92,64.08,19.33,47.08,62.83,goalscorer,{"goalscorer":91}
Facundo Moral,2002146911,46.67,68.92,71.33,54.42,66.17,4,13.33,84.42,73.83,50.25,60.5,44.25,,{}
Gabriel Díaz,2002127607,26.83,52.75,33.67,10.5,97.92,35.83,28.33,60.08,77.33,47,16.92,51.75,,{}
Maik Kling,2002153689,0.83,1.42,0.83,81.58,88.42,35.83,70,96.92,98.92,97.08,52.33,75.25,pressing forward;target forward,{"pressing forward":85;"target forward":98}
Facundo Ballester,2000059950,42.08,4.67,12.42,84.17,60.5,29.58,30.17,75.42,24.25,51,90.67,33.58,,{}
Loïc Colot,2002072785,36.33,92.08,77.83,29.25,22.5,7.33,4,49.58,24.25,2.58,50.67,8,,{}
Thiago Zamora,2002127739,51.17,33.17,58.67,61.92,76.42,94.08,81.83,64.58,24.25,20.25,96.42,94.75,creator;adwanced forward,{"creator":88;"adwanced forward":96}
Tzalo,2000292832,42.08,45.67,41.75,19,44.67,35.83,23.67,47.33,24.25,61.92,56.83,8.83,,{}
Guy Konan,2002172123,51.17,77.08,67.58,2,1.67,35.83,7.17,21.67,24.25,94.75,3.08,5.33,,{}
Robert,2002132051,2.92,6.75,2.17,77.58,60.5,41.42,44.25,21.67,58.33,28.42,85.92,41.83,,{}
Luca Franco,14243012,66.5,80,79,52.83,39.5,64,76.25,81.5,77.33,58,7.42,80.25,,{}
Alejo Sarco,2000110066,81,85.58,93,14.08,80.75,7.33,7.17,84.42,24.25,32.58,58.25,29.75,goalscorer,{"goalscorer":87}
Rudi Almeida,2000144735,31.17,6.42,17,99.08,71.25,46.75,47.83,95.92,99.58,96.92,27,63.83,pressing forward;target forward,{"pressing forward":85;"target forward":97}
Fabrizio Fanciulli,2002124073,61.08,12.58,33.67,31.58,60.5,7.33,9.08,37.5,87.17,87.58,4.75,10.5,,{}
Gregory Jansen,2002104182,77.92,32.33,46.92,43.25,12.67,72.17,56.58,47.33,24.25,72.92,27.92,73.75,,{}
Francesco Cardone,2002102456,77.92,2.92,23.92,84.58,71.25,64,73.5,15.5,24.25,58.5,74.42,39.5,pressing forward,{"pressing forward":78}
Lautaro Zalazar,2002146709,51.17,71.83,67.58,30.75,3.25,35.83,63.08,96.92,97.92,53.25,20.17,42.67,,{}
Lima,2002121036,22.58,1.25,9.67,79.58,39.5,90.67,81.83,51.42,90.75,98.92,11.92,96.92,creator,{"creator":86}
Fabrice Andre,2002073707,42.08,51.08,35.75,58.17,71.25,24.17,22.17,73.58,83.5,41.92,27,20.75,,{}
Enrico Lazzeri,2000069825,17.67,23,23.92,15.58,25.5,24.17,22.17,40.08,24.25,24.25,54.83,29.75,,{}
Elías Santini,2000278990,99.42,70.92,93.92,25.17,80.75,87,91.67,8.5,24.25,34.58,65.42,80.83,goalscorer;creator,{"goalscorer":88;"creator":89}
Hugo Van Dijck,2000035785,74.17,34.42,44.17,37.5,14.67,10.83,22.17,61.83,52.42,72.75,25.83,21.67,,{}
Leandro Rushinsque,2002120020,10.5,10.08,4.92,85.08,60.5,84.92,72.5,26.5,24.25,47,86.83,61.58,creator,{"creator":79}
Nahuel Cardoso,2002128069,22.58,43.25,37.75,51.75,39.5,64,60.25,64.58,80.58,22.08,31.75,50.83,,{}
Ángel Manuel Fernández Iglesias,2002124291,7.92,96.08,33.67,2.25,2.5,10.83,2.67,45.42,24.25,78.67,1.83,2.67,,{}
Nico Valli,2002075228,96,10.75,23.92,60.83,84.58,0.17,1.08,10.58,24.25,73.17,55.42,0.75,,{}
Román Soto,2002128217,42.08,8.33,33.67,96.08,49.33,46.75,53.33,12.83,24.25,44.25,86.58,45,,{}
Martín Zárate,14219610,17.67,42.33,17,69.5,54.42,91.92,82.83,64.58,90.75,22.92,76.75,89.58,creator;adwanced forward,{"creator":87;"adwanced forward":83}
Rafa Martín,2002074576,90,65,76.75,28.83,49.33,7.33,4,71.25,64.08,61.67,49.5,9.83,,{}
Françis Coopman,2000072965,42.08,85.17,73.33,3.83,66.17,10.83,9.08,61.83,80.58,53.92,27.25,11.83,,{}
Nicolò Bernardi,2002133563,87.5,68.92,58.67,59.58,66.17,41.42,47.83,75.42,69.83,75.75,41.08,62.83,,{}
Nicolás Feuillassier,2000143473,56.17,57.33,63.75,85.58,71.25,84.92,80.08,89,69.83,30.83,76.33,76.83,pressing forward;creator;adwanced forward,{"pressing forward":78;"creator":83;"adwanced forward":77}
Maximiliano Valentini,2000293641,87.5,90.17,97.67,26.75,1.67,84.92,71.33,15.5,73.83,57.08,72.42,88.92,goalscorer;creator;adwanced forward,{"goalscorer":92;"creator":78;"adwanced forward":81}
Cléber,2002121113,77.92,38.17,67.58,16.75,22.5,35.83,39.08,29,24.25,84.33,68.58,27.92,,{}
Manuel Portas,2002102104,66.5,43.25,56.5,10.92,0.83,14.58,9.08,12.83,24.25,98.58,23.17,3.08,,{}
Marouane Balouk,18107453,10.5,74.75,27.75,8.08,49.33,51.5,19.75,55.75,24.25,99.58,2.5,14.92,,{}
Estanis Poch,2002126044,17.67,5.58,10.83,66.25,2.92,24.17,52.25,1,24.25,45.42,79.83,50.83,,{}
Miguel Nieto,2002073106,94.17,45.67,83,90.33,80.75,75.33,61.83,18.33,24.25,42.08,47.75,96.08,pressing forward,{"pressing forward":86}
Alessandro,2002132313,70.58,47.42,63.75,47.67,94.92,46.75,65.08,12.83,24.25,31.42,54.25,54,,{}
Leandro,2002131909,96,70.92,97.25,6.25,66.17,51.5,52.25,2.17,24.25,56.5,19.83,77.92,goalscorer,{"goalscorer":88}
Matheus Miguez,2000308477,13.42,31.67,26.25,18,97,14.58,39.08,92.83,69.83,96.08,6.42,13.83,,{}
Joaquín Storelli,2002136309,97.08,15.75,65.58,60,22.5,24.17,16.17,15.5,24.25,78.08,30.92,7.08,,{}
Juan Martín Lo Celso,2000146786,87.5,61,76.75,48.08,60.5,75.33,87.67,54.5,83.5,15.92,45.75,75.25,creator,{"creator":82}
David Luiz,2002121782,51.17,20.33,26.25,31.58,29.08,14.58,42.25,12.83,24.25,70.25,11.08,35.58,,{}
Filippo Palazzino,2000022363,31.17,2.58,12.42,52.83,54.42,46.75,73.5,3.17,24.25,11.92,72.75,49.17,,{}
Emilio Ochoa,2002074472,81,54.92,65.58,27.25,44.67,46.75,42.25,47.33,24.25,40.42,18.67,38.17,,{}
Amar Svensson,2002142644,17.67,49.92,23.92,5.42,3.5,64,72.5,52.92,24.25,12.58,59.08,52.58,,{}
Nahuel Ulariaga,14243664,22.58,40.75,27.75,32.5,97.92,41.42,70,4.42,24.25,65.75,11.67,31.33,,{}
Lanre Michael,2002145275,66.5,39.25,60.33,43.25,10.33,64,54.83,26.5,64.08,34.92,54.83,54,,{}
Nicholas Bonfanti,43424680,97.08,91.08,96.83,51.75,49.33,29.58,23.67,29,24.25,38.92,35.08,16.67,goalscorer,{"goalscorer":95}
Valentino Simoni,2000050029,81,14.83,39.67,56.83,22.5,51.5,58.42,94,64.08,13.92,41.67,49.17,,{}
Alessandro Arioli,43611619,7.92,8.33,4.92,87.92,12.67,35.83,68.58,75.42,95.92,19.75,74,63.83,,{}
Fabiano,2000219167,70.58,82.75,90.08,54.42,60.5,64,45.75,84.42,24.25,49.58,54.25,66.25,goalscorer,{"goalscorer":81}
Miguel Ferreyra,2002136310,5.58,22.17,8.42,56.83,88.42,80.92,95,1,24.25,6.92,93,81.75,creator;adwanced forward,{"creator":88;"adwanced forward":87}
Leonel Pavón,2002106441,46.67,15.75,29.92,83.75,88.42,75.33,83.25,71.25,69.83,89.58,20.83,92.92,pressing forward;creator,{"pressing forward":86;"creator":79}
Giovanni Kamperveen,2002124549,7.92,2.25,6.75,49.08,33.92,51.5,37.33,40.08,24.25,76.58,67.67,26.92,,{}
Matías Ramírez,2002074622,22.58,84,71.33,20.58,1.33,35.83,33.17,49.58,64.08,67.75,72.08,45,,{}
Felipe,2002131986,26.83,8.33,17,39.5,33.92,41.42,60.25,32.75,24.25,72.58,20.17,63.83,,{}
Daniel Sousa,2002102928,66.5,14.25,26.25,64.42,39.5,64,58.42,52.92,64.08,83.42,13.33,78.58,,{}
Vando Alago,2000024027,42.08,45.67,44.17,9.92,16.92,4,4,47.33,24.25,86.08,12.5,5.33,,{}
Dario Gewelke,2002125058,0.83,4.08,0.83,55.83,49.33,10.83,16.17,34.92,52.42,37.08,60.17,16.17,,{}
Cristian Recalde,2000096935,99.67,61,92.58,10.5,16.92,51.5,16.17,15.5,24.25,47.58,43.75,51.75,,{}
Yoann Berger,2002154134,13.42,71.83,35.75,25.17,76.42,58.75,58.42,1,24.25,63.25,7,61.58,,{}
Gonzalo Roca,2002127697,22.58,82.75,37.75,64.67,98.67,58.75,40.5,71.25,64.08,78.33,69.75,39.5,,{}
Dudé,2002119946,56.17,7.33,19,15.58,91.67,4,23.67,18.33,24.25,97.92,35.5,12.75,,{}
Christopher Ziegler,2002099895,74.17,76.5,65.58,46.33,80.75,91.92,84.5,71.25,83.5,59.25,74,70.5,creator;adwanced forward,{"creator":88;"adwanced forward":72}
Bautista Farías,2000105851,94.17,14.25,56.5,18,66.17,4,10.83,21.67,24.25,82,16.75,3.58,,{}
Ariel Expósito,2002127645,13.42,1.83,4.92,46.75,54.42,72.17,47.83,49.58,24.25,12.83,65.42,82.92,,{}
Jan Hurtado,86059427,96,19.25,37.75,22.33,33.92,1.75,14.58,54.5,24.25,83.75,19.83,3.75,,{}
Carlos Antônio,2002119959,70.58,74.75,88.17,5.58,54.42,41.42,18,73.58,92.5,89.83,25.25,40.83,goalscorer;target forward,{"goalscorer":78;"target forward":85}
Dinis Braga,2002162484,22.58,5,6.75,41.75,8.33,14.58,20.92,29,58.33,25.75,43,23.83,,{}
Lars Zischler,2002101087,2.08,74.08,6.75,75.75,76.42,68.58,53.33,64.58,24.25,51.58,64.92,69.75,pressing forward,{"pressing forward":76}
Khalidou Cissé,2002124576,46.67,38.17,23.92,73.92,91.67,41.42,35.75,40.08,24.25,70.75,66.58,50.83,pressing forward,{"pressing forward":83}
Marcos Guayacán,2002122830,87.5,43.25,60.33,20,44.67,46.75,14.58,12.83,24.25,70.08,5.25,25.25,,{}
Nicolás Afonso,2000287456,77.92,41.58,83.67,6.25,60.5,0.67,1.08,89,91.58,21.58,75.83,6.42,,{}
Da Silva,2002143674,42.08,82.08,69.58,42.75,60.5,64,56.58,81.5,24.25,74.92,4.92,79.75,,{}
Paulo Ricardo,2002121812,2.92,49.92,3.58,84.58,84.58,78.17,86.67,37.5,24.25,7.08,99.75,82.5,pressing forward;creator;adwanced forward,{"pressing forward":85;"creator":82;"adwanced forward":91}
Àlex Pachón,2002173677,5.58,4.67,2.83,76.08,25.5,93.33,89.92,42.83,64.08,10.42,99.08,87.92,creator;adwanced forward,{"creator":92;"adwanced forward":94}
Lorenzo,2000034331,7.92,21.25,8.42,25.83,99.83,35.83,33.17,15.5,24.25,43.83,23.75,13.83,,{}
Alejandro Sarabia,2002102103,0.83,9.42,0.83,96.75,80.75,87,68.58,31,24.25,60.83,51.25,79.75,pressing forward,{"pressing forward":89}
Flávio Cruz,2002072517,0.83,4.42,0.83,95.75,96,64,58.42,37.5,24.25,67.42,62.42,49.17,pressing forward,{"pressing forward":96}
Donato Mazzoli,2002101083,7.92,34.42,15.08,36.25,49.33,58.75,47.83,64.58,95.92,44.92,37.58,49.17,,{}
Luis Sequeira,14223037,22.58,94.17,56.5,2.92,88.42,29.58,18,12.83,24.25,75.25,13.33,4,,{}
Ezequiel Maza,2002128072,61.08,30.17,29.92,35.58,44.67,64,47.83,12.83,24.25,47.75,41.08,50,,{}
Nicolás Aguilera,2002104971,51.17,34.42,37.75,74.67,60.5,24.17,31.75,40.08,73.83,90.33,15.58,77.25,,{}
Henrique,2000272202,7.92,24.08,8.42,78.33,66.17,41.42,68.58,79.33,89.5,37.75,77.92,39.5,,{}
Genaro Bracamonte,2000200414,42.08,32.83,33.67,34.5,76.42,14.58,28.33,61.83,24.25,82,40.42,25.25,,{}
Facundo Guch,2000300041,46.67,41.58,46.92,42.33,39.5,29.58,37.33,37.5,64.08,62.92,33.92,45.58,,{}
Javier,2002154676,42.08,24.08,29.92,23.75,6.83,4,16.17,84.42,91.58,77.92,3.33,13.83,target forward,{"target forward":85}
Steven Pérard,2002123475,87.5,45.67,91.42,27.67,10.33,41.42,13.33,31,73.83,75.92,45.17,41.83,,{}
Patati,19407328,17.67,90.17,60.33,61.58,54.42,96.5,87.67,57.17,24.25,2.75,79.25,81.42,creator;adwanced forward,{"creator":92;"adwanced forward":80}
Ashley Burt,2002124089,81,63.42,79,35.17,97,19.17,16.17,61.83,24.25,59.67,29.17,11.25,,{}
Rogerio dos Santos,2002161076,70.58,94.75,89.25,85.92,71.25,89.08,84.5,71.25,80.58,1.92,97.67,75.25,goalscorer;pressing forward;creator;adwanced forward,{"goalscorer":85;"pressing forward":79;"creator":87;"adwanced forward":86}
Thierry Henry,2000304729,70.58,48.67,51.58,12.58,39.5,0.67,7.17,77.67,87.17,92.58,6,2.42,target forward,{"target forward":86}
Gino Albertengo,14257069,77.92,76.5,83.67,50.67,39.5,10.83,7.17,42.83,24.25,86.08,6.42,6.42,goalscorer,{"goalscorer":79}
Nathan Fernandes,2000086446,90,39.25,67.58,50,84.58,98,99.42,32.75,24.25,13.33,96.92,99.75,creator;adwanced forward,{"creator":99;"adwanced forward":98}
Franco Mariatti,2002146726,51.17,62.17,75.58,77.58,39.5,14.58,26.42,24.42,24.25,64.92,63.58,60.33,,{}
Jelani Trevisan,2000107087,10.5,95.75,44.17,1.42,1.08,19.17,1.08,64.58,24.25,75.42,1.58,1.42,,{}
Juan Loza,2002127367,13.42,64.42,35.75,32.5,54.42,84.92,42.25,94.75,92.5,34.08,24.33,32.33,,{}
Dadá,2002162483,87.5,22.17,49.5,14.42,6.83,10.83,16.17,42.83,83.5,58.92,14,33.58,,{}
Sven Janssen,2000111421,51.17,49.92,49.5,45.17,84.58,29.58,30.17,90.25,69.83,93.25,66.58,69.75,,{}
Jorge Rodríguez,2002128416,74.17,56.33,73.33,26.33,6.83,72.17,75.17,34.92,24.25,35.08,13.33,62.33,creator,{"creator":74}
Kwame Mensah,2002153719,36.33,19.25,23.92,26.33,91.67,24.17,19.75,79.33,89.5,32.08,78.33,29.75,,{}
Ángel Rendo,2002174570,92.08,22.17,37.75,5.83,2.92,35.83,40.5,31,64.08,32.92,28.5,39.5,,{}
Unax Del Cura,2000232649,87.5,31.08,69.58,17.58,66.17,1.75,9.08,15.5,24.25,91.92,25.83,7.08,,{}
Akwasi Owusu,2000133283,7.92,34.42,19,4.75,8.33,19.17,4,68.58,24.25,88.25,1.42,4.67,,{}
Malthe Melin,2000140134,10.5,77.92,27.75,3.25,99.33,46.75,22.17,64.58,24.25,91.58,7.42,11.25,,{}
Matías Correa,2002105416,92.08,51.08,81.42,57.33,6.83,14.58,24.92,98.75,97.5,10.58,29.67,17.83,,{}