UID,Name,Age,Weight,Height,WR,Rc Injury,Nat,Division,Club,Wage,Expires,Position,Sec. Position,Starts,Mins,Pas %,Asts/90,xA/90,Pr passes/90,OP-KP/90,Ch C/90,OP-Cr %,OP-Crs C/90,Conv %,xG-OP,ShT/90,Shots Outside Box/90,NP-xG/90,Gl Mst,Tck/90,Tck R,Clr/90,K Tck/90,K Hdrs/90,Aer A/90,Hdr %,Hdrs W/90,Blk/90,Poss Won/90,Poss Lost/90,Sprints/90,Drb/90,Dist/90,Pres C/90,Pres A/90,Svt,Svp,Svh,xGP/90
59006269,Henrikh Mkhitaryan,35,75 kg,177 cm,,-,ARM,Serie A enilive,Inter,"€4,870,000 p/a",30/6/2025,"DM, M/AM (C)","DM, AM (C)",20,"1,533",89%,0.18,0.23,3.23,1.23,0.23,25%,0.23,5%,-0.37,0.47,0.41,0.08,0,2.23,73%,0.47,0.12,0,2.17,30%,0.65,0.29,14.15,13.44,11.68,1,12.5km,3.23,11.1,-,-,-,-
24023726,Ante Rebić,31,77 kg,185 cm,,Torn thigh muscle,CRO,Serie A enilive,Lecce,"€1,097,000 p/a",30/6/2024,"AM (L), ST (C)",ST (C),18,"1,197",85%,-,0.08,1.58,1.2,0.45,17%,0.15,17%,1.3,0.98,0.75,0.28,0,1.88,86%,0.38,0,0.15,7.82,38%,3.01,0.15,1.8,16.32,6.39,0.6,11.6km,2.18,7.29,-,-,-,-
19265858,Richarlison,27,71 kg,181 cm,,-,BRA,English Premier League,Tottenham,"€10,613,000 p/a",30/6/2026,"AM (RL), ST (C)",AM (R),20,"1,501",82%,-,0.08,1.68,1.14,0.12,18%,0.36,7%,-0.67,0.72,0.42,0.16,0,3.24,84%,0.54,0.06,0.06,5.82,37%,2.16,0.3,5.04,20.87,14.09,2.7,12.9km,4.14,11.75,-,-,-,-
43270517,Nicolò Zaniolo,25,79 kg,189 cm,,-,ITA,Serie A enilive,Fiorentina,"€4,993,000 p/a",30/6/2027,"AM (RLC), ST (C)","AM (C), ST (C)",17,"1,385",85%,0.06,0.21,0.97,0.71,0.19,19%,0,24%,4.12,1.17,0.65,0.25,0,1.62,81%,0.06,0,0.19,7.67,40%,3.05,0.13,1.88,18.26,6.11,1.62,12.1km,2.01,7.21,-,-,-,-
29110623,Ollie Watkins,29,70 kg,180 cm,,-,ENG,English Premier League,Aston Villa,"€7,277,000 p/a",30/6/2027,"AM (RL), ST (C)",AM (RL),26,"2,273",87%,0.16,0.07,0.71,0.63,0.12,5%,0.04,12%,-0.86,1.43,0.99,0.43,0,1.54,78%,0.12,0,0.16,7.05,42%,2.93,0.16,2.89,15.44,7.13,1.19,12.0km,1.7,7.09,-,-,-,-
13160655,Reinildo,30,68 kg,180 cm,,-,MOZ,LaLiga EA SPORTS,Atlético Madrid,"€2,012,000 p/a",30/6/2026,"D (LC), WB (L)",WB (L),8,"1,192",92%,0.08,0.06,4.91,0.38,0.3,0%,0,-,-0.13,0.08,0.23,0.01,0,1.28,81%,0.83,0.23,0.38,5.51,75%,4.15,0.83,16.01,3.78,8.38,0.38,12.2km,1.28,4.76,-,-,-,-
34011687,Alexandre Lacazette,33,72 kg,175 cm,,-,FRA,Ligue 1 McDonald's,Lyon,"€5,385,000 p/a",30/6/2024,ST (C),-,18,"1,482",86%,0.06,0.09,1.4,0.85,0.24,5%,0.06,5%,-3.68,1.58,0.97,0.41,0,1.15,76%,0.36,0.06,0,6.68,23%,1.52,0.06,2.79,17.79,8.68,1.64,12.1km,1.7,7.83,-,-,-,-
43094100,Lorenzo Pellegrini,28,77 kg,186 cm,,Pulled hamstring,ITA,Serie A enilive,Roma,"€6,480,000 p/a",30/6/2027,"DM, M/AM (C)",DM,21,"1,550",84%,0.35,0.24,2.85,1.57,0.46,22%,0.12,16%,0.72,0.41,0.46,0.13,0,2.15,82%,0.75,0.12,0.12,3.6,39%,1.39,0.17,13.12,13.24,13.01,1.39,13.4km,3.14,10.8,-,-,-,-
14186894,Juan Foyth,26,69 kg,187 cm,,-,ARG,LaLiga EA SPORTS,Villarreal,"€2,513,000 p/a",30/6/2028,"D (RC), DM",DM,18,"1,570",91%,0.11,0.08,6.76,0.75,0.29,15%,0.23,20%,0.37,0.11,0.11,0.04,0,2.81,84%,1.61,0.06,0.57,5.56,60%,3.32,0.69,15.65,11.01,13.99,1.78,12.7km,2.58,7.28,-,-,-,-
67199158,Brais Méndez,27,76 kg,187 cm,,-,ESP,LaLiga EA SPORTS,Real Sociedad,"€1,683,000 p/a",30/6/2027,"M (C), AM (RC)",M (C),19,"1,711",86%,0.11,0.19,3.63,1.79,0.37,20%,0.53,11%,0.03,0.68,0.84,0.21,0,2.05,78%,0.47,0,0,3.95,55%,2.16,0.21,6.58,18.15,15.73,2.63,13.1km,2.84,12.83,-,-,-,-
43093395,Alessio Romagnoli,29,78 kg,188 cm,,Torn calf muscle,ITA,Serie A enilive,Lazio,"€5,560,000 p/a",30/6/2026,D (C),-,20,"1,766",93%,-,0.02,3.67,0.15,0.05,100%,0.05,17%,0.57,0.05,0.05,0.02,0,1.38,87%,1.07,0.31,1.07,6.93,81%,5.61,0.61,17.38,1.73,5.76,0.1,11.4km,1.27,2.65,-,-,-,-
8169215,Axel Witsel,35,81 kg,186 cm,,-,BEL,LaLiga EA SPORTS,Atlético Madrid,"€6,240,000 p/a",30/6/2024,"D (C), DM, M (C)",M (C),22,"1,910",94%,0.09,0.08,4.66,0.38,0.09,0%,0,-,-0.61,0.05,0.05,0.03,0,1.65,83%,0.99,0.33,0.52,5.28,63%,3.35,0.38,16.77,3.06,6.36,0.05,12.0km,1.41,3.82,-,-,-,-
67157624,Kepa Arrizabalaga,30,88 kg,188 cm,,-,ESP,English Premier League,Bournemouth,"€10,309,000 p/a",30/6/2025,GK,-,18,"1,481",59%,-,0,0.73,0,-,-,-,-,0,-,-,0,0,-,-,3.65,0,0,-,-,-,-,3.65,10.82,0,-,6.1km,0,0,16,30,29,0
67104772,Íñigo Martínez,33,77 kg,182 cm,,-,ESP,LaLiga EA SPORTS,FC Barcelona,"€8,975,000 p/a",30/6/2024,D (C),-,15,"1,414",93%,0.06,0.11,4.58,0.45,0.13,0%,0,-,-0.01,0,0,0,0,1.4,92%,0.95,0.57,0.7,6.87,67%,4.58,0.45,15.59,4.84,5.54,0.13,11.4km,1.21,3.06,-,-,-,-
92071707,Alexander Nübel,28,88 kg,193 cm,,-,GER,Bundesliga,VfB Stuttgart,"€3,490,000 p/a",30/6/2028,GK,-,21,"1,776",85%,-,0,0,0,-,-,-,-,0,-,-,0,0,0,0%,0.81,0,0,-,-,-,-,3.09,7.65,0,-,6.2km,0,0,15,41,19,0.15
67156425,Raúl De Tomás,30,72 kg,180 cm,,-,ESP,LaLiga EA SPORTS,Vallecano,"€3,203,000 p/a",30/6/2026,ST (C),-,16,"1,428",85%,-,0.02,1.13,0.95,0.06,29%,0.13,11%,-0.12,1.26,0.95,0.27,0,1.26,83%,0.44,0,0.06,7.06,29%,2.08,0.13,2.33,24.89,7.18,0.76,11.9km,1.45,7.18,-,-,-,-
14042683,Joaquín Correa,30,74 kg,188 cm,,-,ARG,Serie A enilive,Inter,"€6,480,000 p/a",30/6/2024,"M (L), AM (LC), ST (C)","M (L), AM (LC)",18,"1,236",87%,-,0.07,1.17,0.8,0.22,0%,0,12%,0.9,1.6,0.95,0.3,0,1.46,74%,0.15,0,0,5.75,27%,1.53,0.07,1.46,25.41,6.55,2.11,11.6km,1.97,7.35,-,-,-,-
28054565,Jordan Pickford,30,77 kg,187 cm,,-,ENG,English Premier League,Everton,"€9,097,000 p/a",30/6/2026,GK,-,20,"1,768",79%,-,0,0.56,0,-,-,-,-,0,-,-,0,2,0,0%,6.82,0,0,-,-,-,-,4.58,7.58,0,-,5.8km,0,0,12,36,28,0.13
43094150,Ivan Provedel,30,84 kg,192 cm,,-,ITA,Serie A enilive,Lazio,"€3,089,000 p/a",30/6/2027,GK,-,24,"2,160",88%,-,0,0.17,0,-,-,-,-,0,-,-,0,0,0,0%,6.46,0,0,-,-,-,-,4.54,6.46,0,-,6.2km,0,0,13,42,13,0.17
1510305,Pedro,37,65 kg,167 cm,,-,ESP,Serie A enilive,Lazio,"€2,820,000 p/a",30/6/2024,AM (RL),-,19,"1,369",87%,0.07,0.15,3.16,2.24,0.33,19%,0.53,20%,2.71,0.66,0.79,0.28,0,3.22,80%,0.53,0.07,0,3.55,20%,0.72,0.07,6.57,16.96,13.54,2.63,12.8km,4.54,13.94,-,-,-,-
67260440,Bryan Gil,23,69 kg,175 cm,,-,ESP,LaLiga EA SPORTS,Girona,"€4,852,000 p/a",30/6/2025,"M (L), AM (LC)",-,26,"2,030",84%,0.22,0.15,2.84,1.55,0.31,7%,0.18,9%,-1.75,1.2,0.98,0.34,0,2.39,79%,0.44,0,0,4.08,18%,0.75,0.18,4.39,18.22,15.34,3.41,12.7km,3.5,12.59,-,-,-,-
61043070,John McGinn,30,77 kg,181 cm,,-,SCO,English Premier League,Aston Villa,"€6,064,000 p/a",30/6/2026,"DM, M/AM (RLC)","DM, M (RL), AM (C)",23,"1,996",84%,0.09,0.34,4.01,1.67,0.45,20%,0.41,16%,0.7,0.72,0.45,0.19,0,2.25,89%,0.81,0,0.05,4.46,52%,2.3,0.27,7.26,14.74,16.82,2.39,13.2km,2.89,13.44,-,-,-,-
34012022,Francis Coquelin,33,73 kg,176 cm,,-,FRA,Ligue 1 McDonald's,FC Nantes,"€1,794,000 p/a",30/6/2024,"DM, M (RC)",M (R),14,"1,141",90%,-,0.06,5.76,0.95,0.39,29%,0.16,-,-0.69,0.08,0.16,0.05,0,2.52,84%,0.55,0,0.32,2.6,55%,1.42,0.55,16.01,5.05,12.38,0.55,13.1km,3,10.02,-,-,-,-
67039257,Asier Illarramendi,34,76 kg,179 cm,,-,ESP,Ligue 1 McDonald's,RC Lens,"€578,000 p/a",30/6/2024,"DM, M (C)",-,12,"1,026",90%,0.18,0.43,5.09,1.67,0.35,0%,0,-,-0.27,0,0,0.02,0,1.93,69%,0.88,0.18,0.35,2.46,50%,1.23,0.18,15.09,5.61,11.67,0.7,12.9km,2.81,12.11,-,-,-,-
43195181,Umar Sadiq,27,75 kg,192 cm,,-,NGA,LaLiga EA SPORTS,Valencia,"€1,190,000 p/a",30/6/2027,ST (C),-,20,"1,608",85%,-,0.09,1.06,1.01,0.17,0%,0,8%,-1.7,1.62,1.4,0.38,0,1.06,76%,0.62,0,0.06,8.56,39%,3.3,0.11,1.96,21.72,5.6,1.57,11.5km,1.51,7.05,-,-,-,-
49045184,Pierre Kalulu,24,80 kg,184 cm,,-,FRA,Serie A enilive,Juventus,"€2,560,000 p/a",30/6/2026,D (RC),D (R),25,"2,220",91%,0.2,0.18,7.3,0.97,0.45,18%,0.24,-,-1.13,0,0.12,0.05,0,2.8,85%,0.97,0.16,0.32,4.05,68%,2.76,0.57,13.95,13.26,13.78,1.34,12.6km,2.51,7.66,-,-,-,-
43390774,Samuele Ricci,23,70 kg,181 cm,,-,ITA,Serie A enilive,Torino,"€2,763,000 p/a",30/6/2028,"DM, M (C)",-,18,"1,529",89%,0.24,0.2,3.83,1.59,-,46%,0.35,-,-1.06,0.41,0.12,0.06,0,1.06,60%,0.41,0,0.12,2.77,34%,0.94,0.12,12.01,10.89,12.95,1.35,13.1km,2.12,11.48,-,-,-,-
85032335,Idrissa Gueye,35,66 kg,174 cm,,-,SEN,English Premier League,Everton,"€7,884,000 p/a",30/6/2024,"DM, M (C)",-,20,"1,653",90%,0.11,0.09,4.19,0.87,0.22,25%,0.05,-,-0.43,0.05,0.05,0.02,0,2.45,79%,0.65,0.16,0,2.34,37%,0.87,0.49,10.89,6.81,13.07,0.71,13.4km,3.1,10.51,-,-,-,-
27039017,Christian Nørgaard,30,76 kg,187 cm,,-,DEN,English Premier League,Brentford,"€2,562,000 p/a",30/6/2026,"DM, M (C)",-,13,"1,106",90%,0.24,0.19,5.94,1.55,0.33,50%,0.24,-,-1.36,0,0.24,0.11,0,1.55,51%,0.98,0.16,0.33,4.48,47%,2.12,0.24,10.5,7.89,13.83,0.73,13.1km,3.01,8.63,-,-,-,-
29129073,Rico Henry,27,66 kg,170 cm,,-,ENG,English Premier League,Brentford,"€4,160,000 p/a",30/6/2027,D/WB (L),-,20,"1,772",90%,0.1,0.06,7.06,1.22,0.2,23%,0.46,33%,0.62,0.05,0.05,0.02,0,3.5,81%,0.76,0.25,0.25,3.2,60%,1.93,0.91,10.51,14.12,14.98,2.34,13.0km,3.71,11.43,-,-,-,-
55041694,André Silva,29,84 kg,185 cm,,-,POR,Bundesliga,SV Werder,"€6,981,000 p/a",30/6/2024,ST (C),-,14,"1,071",77%,-,0.11,0.5,0.42,0.08,0%,0,8%,-0.98,1.09,1.09,0.33,0,1.01,67%,0.25,0,0,6.72,40%,2.69,0.08,1.93,17.23,7.31,0.59,12.1km,1.51,7.14,-,-,-,-
11022221,Vedat Muriqi,30,92 kg,194 cm,,-,KOS,LaLiga EA SPORTS,Mallorca,"€4,000,000 p/a",30/6/2026,ST (C),-,20,"1,701",82%,0.11,0.04,0.9,0.74,0.21,17%,0.11,22%,5.71,1.32,0.63,0.33,0,1.69,82%,0.21,0,0.16,9.42,60%,5.66,0.05,1.96,20.95,7.99,0.42,12.4km,1.9,7.67,-,-,-,-
67173048,Borja Iglesias,31,85 kg,187 cm,,-,ESP,LaLiga EA SPORTS,Vigo,"€932,000 p/a",30/6/2024,ST (C),-,21,"1,628",87%,0.06,0.11,0.61,0.44,0.11,15%,0.11,13%,1.4,1.44,1.27,0.31,0,1.05,70%,0.22,0,0.17,9.67,35%,3.43,0.22,1.99,21.34,6.47,1.11,11.7km,1.44,7.52,-,-,-,-
28085588,Andreas Pereira,29,71 kg,178 cm,,-,BRA,English Premier League,Fulham,"€3,524,000 p/a",30/6/2027,"M (C), AM (RLC)",AM (RL),23,"1,663",83%,0.11,0.17,2.06,1.14,0.22,13%,0.16,6%,-1.39,0.6,0.54,0.18,0,2.44,80%,0.65,0,0,4.06,4%,0.16,0.22,10.28,18.4,14.56,2.22,14.1km,3.68,10.55,-,-,-,-
85059774,Samuel Umtiti,31,75 kg,182 cm,,Torn knee ligaments,FRA,Ligue 1 McDonald's,Lille,"€3,146,000 p/a",30/6/2024,D (C),-,21,"1,813",92%,-,0.04,3.57,0.15,-,50%,0.05,-,-0.23,0.05,0,0.01,0,0.99,83%,0.5,0.1,0.89,6.3,55%,3.47,0.5,16.03,2.63,4.57,0.15,11.2km,0.84,2.43,-,-,-,-
85027976,Alphonse Areola,31,94 kg,195 cm,,-,FRA,English Premier League,West Ham,"€7,277,000 p/a",30/6/2026,GK,-,20,"1,800",81%,-,0,0.05,0,-,-,-,-,0,-,-,0,0,0.05,50%,0.65,0,0,-,-,-,-,4.1,7.65,0.05,-,6.7km,0,0,6,32,14,0.17
45111891,Kaoru Mitoma,27,72 kg,178 cm,,-,JPN,English Premier League,Brighton,"€4,852,000 p/a",30/6/2026,WB/M/AM (L),WB/M (L),17,"1,289",85%,0.14,0.11,1.89,1.47,0.35,19%,0.49,4%,-5,0.98,0.91,0.49,0,2.51,69%,0.7,0,0,4.12,24%,0.98,0.21,5.38,17.32,14.87,4.54,13.1km,4.54,14.17,-,-,-,-
67063004,Marc Bartra,33,73 kg,184 cm,,-,ESP,LaLiga EA SPORTS,Real Betis,"€1,875,000 p/a",30/6/2024,D (C),-,20,"1,697",92%,-,0.06,4.45,0.11,0.16,0%,0,25%,0.27,0.05,0.05,0.04,0,1.01,70%,0.9,0.32,0.85,5.57,62%,3.45,0.58,15.01,3.66,4.88,0.11,11.3km,1.22,3.02,-,-,-,-
27088231,Mathias Jensen,29,71 kg,180 cm,,-,DEN,English Premier League,Brentford,"€3,066,000 p/a",30/6/2027,M (C),-,20,"1,453",87%,0.06,0.3,3.47,1.61,0.31,18%,0.25,-,-1.35,0.43,0.25,0.08,0,2.23,80%,0.62,0.12,0.12,3.9,30%,1.18,0.43,9.91,13.75,10.22,0.93,13.2km,2.54,11.77,-,-,-,-
78064881,Mauro Arambarri,29,71 kg,174 cm,,-,URU,LaLiga EA SPORTS,Getafe,"€802,000 p/a",30/6/2027,"DM, M (C)",-,19,"1,514",84%,0.12,0.13,3.21,1.07,0.24,20%,0.12,45%,3.86,0.48,0.3,0.07,0,1.78,68%,0.59,0.18,0,2.68,44%,1.19,0.3,16.17,11.95,12.66,0.77,12.4km,2.91,11.24,-,-,-,-
29156522,Ebere Eze,26,69 kg,178 cm,,-,ENG,English Premier League,Crystal Palace,"€6,064,000 p/a",30/6/2026,"M (C), AM (LC)",AM (L),14,"1,035",86%,0.09,0.13,1.48,0.96,0.26,15%,0.09,7%,-1.09,0.7,0.43,0.11,0,1.48,57%,0.52,0.09,0,4.78,20%,0.96,0.09,6.61,12.09,10.35,1.22,13.3km,2.7,13.13,-,-,-,-
48043084,Boubacar Kamara,25,68 kg,184 cm,,-,FRA,English Premier League,Aston Villa,"€6,064,000 p/a",30/6/2026,"DM, M (C)",-,13,"1,042",89%,-,0.08,6.05,1.21,0.09,0%,0,-,-0.08,0,0.09,0.01,0,2.5,55%,0.26,0,0.86,5.27,56%,2.94,0.09,15.98,6.05,11.92,0.86,13.2km,4.58,10.02,-,-,-,-
43155796,Matteo Pessina,27,75 kg,187 cm,,-,ITA,Serie A enilive,Monza,"€1,797,000 p/a",30/6/2027,M/AM (C),-,19,"1,528",88%,0.12,0.07,3.77,1.41,0.06,6%,0.06,5%,-3.07,0.53,0.35,0.19,0,1.94,72%,0.65,0.06,0.06,2.95,44%,1.3,0.35,13.25,11.43,13.31,1.59,13.3km,3.12,11.9,-,-,-,-
67103336,Saúl,30,76 kg,184 cm,,-,ESP,LaLiga EA SPORTS,Sevilla,"€11,967,000 p/a",30/6/2025,"DM, M (RLC)",M (R),19,"1,463",86%,0.25,0.31,4.24,1.48,0.31,13%,0.25,14%,0.36,0.68,0.49,0.11,0,2.4,85%,0.74,0,0.25,3.57,60%,2.15,0.37,14.83,11.32,11.2,1.78,12.6km,3.38,11.57,-,-,-,-
67245413,Óscar Mingueza,25,75 kg,184 cm,,-,ESP,LaLiga EA SPORTS,Vigo,"€1,132,000 p/a",30/6/2025,D (RC),-,21,"1,890",92%,0.05,0.03,3.52,0.19,0.1,0%,0,-,-1.88,0.1,0.1,0.09,0,1.1,82%,0.9,0.24,0.43,5.71,64%,3.67,0.52,14.24,3.33,6.14,0.24,11.6km,1,3.24,-,-,-,-
19273277,Dodo,26,71 kg,166 cm,,-,BRA,Serie A enilive,Fiorentina,"€1,920,000 p/a",30/6/2026,D/WB (R),-,19,"1,522",88%,0.24,0.14,3.78,1.6,0.24,16%,1.3,-,-0.73,0.06,0,0.04,0,3.25,77%,1.01,0.18,0.06,2.72,41%,1.12,0.71,10.58,15.14,17.33,5.03,13.2km,3.13,12.95,-,-,-,-
37076335,Jan Paul van Hecke,24,76 kg,189 cm,,-,NED,English Premier League,Brighton,"€2,729,000 p/a",30/6/2026,D (C),-,20,"1,783",95%,0.1,0.02,4.9,0.3,0.05,0%,0,-,-0.44,0.05,0.1,0.02,0,1.11,79%,0.71,0.2,0.66,6.36,79%,5,0.35,13.68,3.08,4.9,0.25,11.3km,0.76,2.83,-,-,-,-
53110135,Kristoffer Ajer,26,92 kg,196 cm,,-,NOR,English Premier League,Brentford,"€2,426,000 p/a",30/6/2027,"D (C), DM",-,18,"1,590",93%,-,0.04,4.36,0.4,-,0%,0,14%,0.36,0.11,0.06,0.04,0,1.87,83%,1.02,0.17,0.62,5.72,72%,4.13,0.34,11.09,4.02,6.79,0.17,12.5km,1.7,5.04,-,-,-,-
29175220,Morgan Gibbs-White,24,72 kg,178 cm,,-,ENG,English Premier League,Nott'm Forest,"€3,032,000 p/a",30/6/2026,M/AM (C),-,20,"1,611",84%,0.17,0.27,2.79,1.9,0.28,18%,0.11,13%,-0.52,0.78,0.67,0.25,1,1.73,66%,0.5,0.06,0.17,4.08,21%,0.84,0.17,9.61,16.15,13.41,1.56,13.9km,3.18,11.56,-,-,-,-
43123020,Davide Calabria,28,70 kg,177 cm,,-,ITA,Serie A enilive,Bologna,"€4,449,000 p/a",30/6/2027,D/WB (R),-,30,"2,054",90%,0.13,0.13,7.97,0.96,0.13,9%,0.13,-,-0.6,0.09,0.18,0.03,0,3.02,90%,0.96,0.09,0.18,3.37,62%,2.1,0.53,13.98,7.97,13.8,0.61,12.7km,2.72,8.68,-,-,-,-
78076343,Mathías Olivera,27,78 kg,184 cm,,-,URU,Serie A enilive,Napoli,"€2,720,000 p/a",30/6/2026,D/WB (L),-,16,"1,093",89%,-,0.08,5.43,1.81,0.33,14%,0.66,-,0,-,0,0,0,2.88,80%,1.48,0.08,0.33,4.03,65%,2.63,0.74,11.53,18.61,18.12,1.32,13.6km,3.13,13.5,-,-,-,-
19371031,João Gomes,23,74 kg,173 cm,,-,BRA,English Premier League,Wolves,"€3,335,000 p/a",30/6/2027,"DM, M (C)",-,17,"1,344",87%,0.13,0.1,4.02,0.94,0.27,22%,0.13,7%,-0.67,0.4,0.2,0.11,0,2.61,80%,0.54,0.07,0.2,3.55,38%,1.34,0.47,10.58,14.53,11.85,1.21,12.6km,3.55,11.32,-,-,-,-
19259600,Arthur,28,67 kg,172 cm,,-,BRA,LaLiga EA SPORTS,Girona,"€5,068,000 p/a",30/6/2024,"DM, M (C)",-,24,"1,864",89%,0.1,0.07,3.23,1.11,0.14,24%,0.19,4%,-2.44,0.39,0.43,0.17,0,1.83,67%,0.48,0.1,0.19,2.85,15%,0.43,0.19,12.07,10.86,11.78,1.3,12.7km,3.04,11.54,-,-,-,-
67276071,Miguel Gutiérrez,23,75 kg,180 cm,,-,ESP,LaLiga EA SPORTS,Girona,"€1,462,000 p/a",30/6/2026,D/WB (L),-,15,"1,201",90%,-,0.16,7.57,0.67,0.22,23%,0.3,-,-0.32,0.15,0.22,0.02,0,2.7,82%,0.45,0,0.22,4.2,68%,2.85,0.3,14.09,9.59,13.94,2.7,12.4km,2.25,9.22,-,-,-,-
28095342,Angeliño,27,69 kg,171 cm,,-,ESP,Serie A enilive,Roma,"€2,992,000 p/a",30/6/2027,D/WB/M (L),M (L),22,"1,901",89%,0.24,0.08,7.62,1.42,0.09,10%,0.14,50%,0.74,0.05,0.05,0.01,1,3.79,88%,1.56,0.14,0.14,3.46,49%,1.7,0.76,11.22,16.76,14.2,0.99,13.0km,3.03,9.47,-,-,-,-
45064891,Takumi Minamino,29,68 kg,174 cm,,Sprained knee ligaments,JPN,Ligue 1 McDonald's,AS Monaco,"€4,680,000 p/a",30/6/2025,AM (LC),-,8,"1,019",90%,0.26,0.1,2.83,1.5,0.35,9%,0.09,11%,-0.87,0.79,0.97,0.34,0,2.38,82%,0.62,0,0,3.71,19%,0.71,0.18,9.98,15.81,12.81,1.06,13.4km,3.09,10.25,-,-,-,-
67153373,Álex Moreno,31,68 kg,176 cm,,-,ESP,English Premier League,Nott'm Forest,"€5,458,000 p/a",30/6/2026,D/WB (L),-,20,"1,727",88%,0.1,0.09,6.98,1.2,0.16,19%,0.52,-,-1.1,0.1,0.21,0.06,0,3.7,76%,1.25,0.16,0.26,3.91,43%,1.67,0.52,13.34,12.04,15.01,2.03,13.1km,3.13,10.32,-,-,-,-
43093502,Gianluca Mancini,28,82 kg,190 cm,,-,ITA,Serie A enilive,Roma,"€6,480,000 p/a",30/6/2026,D (C),-,23,"1,975",95%,0.09,0.03,3.69,0.23,0.18,40%,0.09,-,-1.22,0,0.09,0.06,1,1.14,86%,0.59,0.18,1.05,7.7,78%,5.97,0.32,15.04,2.46,6.47,0.14,11.7km,1.14,2.46,-,-,-,-
29147447,Matty Cash,27,79 kg,185 cm,,-,POL,English Premier League,Aston Villa,"€4,245,000 p/a",30/6/2026,D/WB/M (R),WB/M (R),13,"1,148",89%,0.08,0.08,7.6,1.02,0.16,50%,0.86,-,-0.46,0.08,0.24,0.04,0,2.27,69%,0.71,0.08,0.16,3.92,40%,1.57,0.24,14.11,15.05,14.9,1.8,12.9km,2.67,8.07,-,-,-,-
18108540,Jonathan David,24,77 kg,177 cm,,-,CAN,Ligue 1 McDonald's,Lille,"€2,154,000 p/a",30/6/2024,"AM (RLC), ST (C)",-,22,"1,724",86%,0.16,0.12,1.62,1.15,0.1,17%,0.21,10%,0.41,0.99,0.99,0.24,0,1.72,80%,0.73,0,0,6.26,44%,2.77,0.37,3.65,13.63,9.66,2.04,12.6km,2.3,8.93,-,-,-,-
91005023,Kevin Kampl,34,65 kg,178 cm,,-,SVN,Bundesliga,RB Leipzig,"€4,488,000 p/a",30/6/2025,"DM, M/AM (C)",AM (C),8,"1,002",90%,0.09,0.1,5.93,0.9,0.27,0%,0,-,-0.12,0,0,0.01,0,2.6,78%,0.54,0.09,0,2.87,41%,1.17,0.27,12.4,5.3,12.75,0.72,12.6km,3.5,10.6,-,-,-,-
16253898,Patrick Wimmer,23,77 kg,182 cm,,Tight thigh,AUT,Bundesliga,VfL Wolfsburg,"€2,474,000 p/a",30/6/2028,AM (RL),AM (L),18,"1,261",82%,0.07,0.13,2.71,1.28,0.14,6%,0.21,20%,2.06,0.71,0.5,0.14,0,2.85,80%,0.5,0,0.07,4.43,23%,1,0.29,6.64,14.49,16.56,3.14,12.7km,4,12.56,-,-,-,-
29141827,Ezri Konsa,27,77 kg,183 cm,,-,ENG,English Premier League,Aston Villa,"€5,458,000 p/a",30/6/2027,D (RC),D (R),26,"2,133",91%,0.08,0.11,5.99,0.72,0.13,15%,0.13,-,-0.35,0.04,0.17,0.01,1,1.48,76%,0.84,0.04,0.55,6.33,74%,4.68,0.63,15.74,7.3,10.21,1.01,12.4km,1.52,6.58,-,-,-,-
71104595,Vitaliy Mykolenko,25,71 kg,180 cm,,-,UKR,English Premier League,Everton,"€6,160,000 p/a",30/6/2028,D/WB (L),-,20,"1,775",86%,0.05,0.13,4.56,0.96,0.2,15%,0.25,13%,0.25,0.1,0.25,0.04,0,4.46,86%,1.12,0.41,0.41,4.87,64%,3.09,0.86,11.92,14.55,16.53,2.03,13.1km,3.7,10.24,-,-,-,-
13158416,Joseph Aidoo,29,80 kg,184 cm,,-,GHA,LaLiga EA SPORTS,Valladolid,"€1,895,000 p/a",30/6/2025,D (C),-,20,"1,693",93%,0.05,0,3.61,0.05,0.05,-,0,-,-0.48,0,0.05,0.03,0,1.28,75%,0.58,0.05,0.43,6.01,73%,4.41,0.43,12.97,3.56,5.74,0.21,11.6km,1.28,3.14,-,-,-,-
91132680,Benjamin Henrichs,27,79 kg,183 cm,,-,GER,Bundesliga,RB Leipzig,"€3,989,000 p/a",30/6/2027,D/WB (RL),-,19,"1,524",87%,0.18,0.27,8.44,1.06,0.35,0%,0,-,-0.02,0.06,0.06,0,0,3.13,85%,1.12,0.35,0,4.49,63%,2.83,0.77,13.29,13.11,15.65,1.89,13.6km,2.36,9.04,-,-,-,-
91143519,Vitaly Janelt,26,79 kg,184 cm,,-,GER,English Premier League,Brentford,"€2,208,000 p/a",30/6/2027,"DM, M (C)",DM,20,"1,752",84%,-,0.04,3.44,1.13,0.15,14%,0.05,13%,-0.4,0.21,0.31,0.12,0,1.75,67%,0.67,0.15,0.26,3.18,56%,1.8,0.26,9.45,13.46,10.48,0.92,12.5km,3.08,12.43,-,-,-,-
27122563,Mads Roerslev,25,67 kg,184 cm,,-,DEN,Bundesliga,VfL Wolfsburg,"€1,819,000 p/a",30/6/2025,D/WB (R),-,18,"1,615",91%,0.22,0.08,7.3,0.67,0.22,20%,0.28,17%,0.47,0.11,0.17,0.03,0,2.73,80%,0.72,0,0.5,4.9,69%,3.4,0.5,15.33,12.09,14.27,2.17,12.4km,2.23,9.14,-,-,-,-
85145148,Jonathan Ikoné,26,67 kg,175 cm,,-,FRA,Serie A enilive,Como,"€2,180,000 p/a",30/6/2025,AM (RL),AM (L),18,"1,278",84%,0.14,0.21,2.82,1.69,0.42,27%,0.56,23%,2.42,0.56,0.49,0.18,0,1.55,81%,0.92,0,0,3.66,17%,0.63,0.28,3.87,16.83,14.15,4.23,13.1km,2.96,12.25,-,-,-,-
48036880,Odsonne Edouard,26,83 kg,187 cm,,-,FRA,English Premier League,Leicester,"€5,155,000 p/a",30/6/2027,"AM (L), ST (C)",-,20,"1,514",89%,-,0.04,0.71,0.59,-,43%,0.18,13%,1.24,1.13,0.48,0.16,0,1.19,71%,0.54,0,0.18,6.48,44%,2.85,0.24,2.56,14.39,6.48,1.19,12.1km,1.61,7.67,-,-,-,-
91107789,Matthias Ginter,30,86 kg,191 cm,,-,GER,Bundesliga,SC Freiburg,"€2,992,000 p/a",30/6/2026,D (C),-,16,"1,440",93%,0.12,0.06,5.5,0.44,0.12,0%,0,29%,1.7,0.12,0.12,0.02,0,1.31,84%,0.69,0.12,1.06,7.31,71%,5.19,0.38,15.56,2.56,4.62,0.06,11.2km,1.12,2.75,-,-,-,-
37062161,Perr Schuurs,25,87 kg,191 cm,,-,NED,Serie A enilive,Torino,"€2,793,000 p/a",30/6/2028,D (C),-,19,"1,584",94%,0.11,0.12,3.75,0.34,0.06,0%,0,17%,0.2,0.11,0.11,0.05,1,1.08,73%,0.62,0.23,0.62,6.7,69%,4.66,0.4,16.59,3.41,5.57,0.11,11.5km,1.02,2.9,-,-,-,-
67053461,Iván Balliu,33,63 kg,172 cm,,-,ALB,LaLiga EA SPORTS,Vallecano,"€1,525,000 p/a",30/6/2025,D/WB (R),WB (R),18,"1,620",89%,0.06,0.03,6.28,1.06,0.06,19%,0.39,-,-2.42,0,0,0.13,1,1.72,72%,1,0.06,0.17,4.28,34%,1.44,0.39,12.17,12.72,14.5,0.78,12.5km,1.94,8.22,-,-,-,-
45092658,Ko Itakura,27,74 kg,188 cm,,Pulled groin,JPN,Bundesliga,Gladbach,"€1,994,000 p/a",30/6/2025,"D (C), DM",DM,17,"1,310",91%,-,0.05,5.15,0.82,0.21,25%,0.07,-,-0.43,0.21,0.07,0.03,0,2.06,77%,1.24,0.21,0.76,5.02,70%,3.5,0.48,16.76,5.15,10.31,0.48,12.5km,2.75,7.9,-,-,-,-
57113505,Răzvan Marin,28,70 kg,177 cm,,-,ROU,Serie A enilive,Cagliari,"€1,458,000 p/a",30/6/2027,"DM, M (C)",-,17,"1,223",90%,0.07,0.13,5.74,1.1,0.37,0%,0,11%,-0.79,0.22,0.07,0.13,0,2.13,76%,1.18,0.29,0.07,2.94,68%,1.99,0.66,11.55,8.39,11.77,0.88,13.0km,2.5,9.57,-,-,-,-
29090530,Solly March,30,73 kg,181 cm,,-,ENG,English Premier League,Brighton,"€3,335,000 p/a",30/6/2026,WB/M/AM (RL),"WB/M (RL), AM (L)",18,"1,386",84%,0.06,0.24,2.47,1.3,0.52,13%,0.32,11%,-1.04,0.84,0.58,0.26,1,2.53,83%,0.58,0,0,4.03,35%,1.43,0.45,6.62,15.39,15.91,2.73,13.4km,3.38,13.57,-,-,-,-
29125265,Antonee Robinson,27,70 kg,183 cm,,-,USA,English Premier League,Fulham,"€3,032,000 p/a",30/6/2027,D/WB (L),-,20,"1,649",83%,0.05,0.08,6.22,0.55,0.22,16%,0.38,17%,-0.05,0.11,0.16,0.06,0,2.95,79%,1.2,0.05,0.22,4.42,67%,2.95,0.87,12.61,14.63,17.57,2.57,13.6km,2.78,10.32,-,-,-,-
28018193,Péter Gulácsi,34,85 kg,191 cm,,-,HUN,Bundesliga,RB Leipzig,"€4,986,000 p/a",30/6/2025,GK,-,19,"1,621",68%,-,0,0,0,-,-,-,-,0,-,-,0,1,0.06,100%,1.22,0,0,-,-,-,-,3.44,8.11,0,-,6.0km,0,0,11,29,8,0.05
13199286,Nayef Aguerd,28,76 kg,188 cm,,-,MAR,LaLiga EA SPORTS,Real Sociedad,"€3,942,000 p/a",30/6/2026,D (C),-,14,"1,269",92%,-,0.04,4.75,0.28,-,0%,0,17%,0.5,0.07,0.28,0.04,1,1.49,78%,0.57,0.28,0.78,7.73,67%,5.18,0.5,16.52,3.9,4.89,-,11.4km,1.35,3.97,-,-,-,-
98033057,Nico Elvedi,28,84 kg,189 cm,,-,SUI,Bundesliga,Gladbach,"€2,992,000 p/a",30/6/2026,D (RC),D (R),16,"1,440",94%,0.06,0.03,4.06,0.31,0.06,100%,0.06,-,-0.63,0,0.12,0.04,0,1,70%,0.75,0.25,1,7.31,62%,4.56,0.38,14.88,2.62,5.12,0.38,11.6km,1.06,2.81,-,-,-,-
37001813,Marten de Roon,33,76 kg,185 cm,,-,NED,Serie A enilive,Atalanta,"€1,850,000 p/a",30/6/2024,"DM, M (C)",-,23,"1,872",88%,0.1,0.09,3.46,0.62,0.19,17%,0.1,-,-0.2,0,0.05,0.01,0,2.16,73%,0.87,0.05,0.53,4.81,64%,3.08,0.58,12.5,8.12,13.08,0.58,12.8km,2.98,8.94,-,-,-,-
98033113,Jonas Omlin,30,80 kg,190 cm,,-,SUI,Bundesliga,Gladbach,"€2,992,000 p/a",30/6/2026,GK,-,17,"1,560",91%,-,0,0.06,0.06,-,-,-,-,0,-,-,0,0,0.06,50%,1.21,0,0,-,-,-,-,4.62,6.52,0.06,-,6.4km,0,0,8,44,15,0.16
43037008,Mattia De Sciglio,32,78 kg,182 cm,,-,ITA,Serie A enilive,Empoli,"€2,780,000 p/a",30/6/2024,D/WB (RL),-,16,"1,138",90%,0.24,0.11,4.9,0.87,-,14%,0.32,-,-0.52,0,0.16,0.04,0,2.85,88%,1.03,0.24,0.16,5.85,66%,3.88,0.87,10.2,12.5,16.29,1.74,12.5km,2.06,8.78,-,-,-,-
18057323,Chancel Mbemba,30,80 kg,182 cm,,-,COD,Ligue 1 McDonald's,Marseille,"€2,756,000 p/a",30/6/2027,D (C),-,13,"1,094",92%,-,0.08,6.17,0.49,0.08,0%,0,-,-0.04,0,0.16,0,0,1.07,68%,1.56,0.58,0.33,5.59,76%,4.28,0.66,18.59,2.88,7.4,0.16,12.2km,1.07,3.21,-,-,-,-
53113114,Julian Ryerson,27,86 kg,183 cm,,-,NOR,Bundesliga,Borussia Dortmund,"€3,490,000 p/a",30/6/2027,D/WB (RL),-,22,"1,938",85%,0.09,0.13,6.32,0.7,0.14,12%,0.14,22%,0.34,0.09,0.05,0.08,0,2.69,77%,1.11,0.05,0.28,5.06,52%,2.65,0.56,12.68,13.28,15.88,1.11,13.1km,2.23,9.1,-,-,-,-
86017618,Darwin Machís,31,72 kg,171 cm,,-,VEN,LaLiga EA SPORTS,Valladolid,"€2,035,000 p/a",30/6/2024,M/AM (RL),"M (RL), AM (R)",18,"1,121",88%,-,0.12,2.57,1.36,0.24,4%,0.08,8%,-0.94,0.4,0.24,0.16,0,2.09,87%,0.72,0,0,4.09,14%,0.56,0.24,3.13,20.47,13.81,3.37,12.2km,3.13,12.93,-,-,-,-
49047581,Rayan Aït-Nouri,23,69 kg,180 cm,,-,ALG,English Premier League,Wolves,"€4,559,000 p/a",30/6/2028,D/WB (L),-,19,"1,504",87%,-,0.09,6.52,0.84,0.24,11%,0.12,13%,-0.52,0.12,0.06,0.09,2,2.99,79%,0.66,0.12,0.42,3.71,56%,2.09,0.54,10.83,15.74,14.6,2.09,12.7km,2.81,8.8,-,-,-,-
19158043,Emerson,30,77 kg,176 cm,,-,ITA,English Premier League,West Ham,"€5,761,000 p/a",30/6/2025,D/WB (L),WB (L),17,"1,500",84%,-,0.14,6.24,1.14,0.24,19%,0.48,-,-0.88,0.18,0.18,0.05,0,2.64,80%,0.48,0,0.12,4.26,63%,2.7,0.36,11.34,16.32,13.74,2.64,12.7km,2.7,9.48,-,-,-,-
43500510,Fabio Miretti,21,72 kg,180 cm,,-,ITA,Serie A enilive,Genoa,"€1,850,000 p/a",30/6/2027,M/AM (C),AM (C),16,"1,279",86%,-,0.07,3.8,1.48,0.28,28%,0.14,21%,1.59,0.49,0.42,0.1,0,1.48,72%,0.77,0,0,3.1,43%,1.34,0.21,12.53,10.63,12.1,1.34,12.6km,2.39,11.05,-,-,-,-
72051563,Chris Richards,24,78 kg,188 cm,,-,USA,English Premier League,Crystal Palace,"€3,032,000 p/a",30/6/2026,D (RC),D (R),20,"1,751",90%,-,0.01,3.39,0.26,0.05,25%,0.05,17%,0.54,0.05,0.1,0.02,0,1.34,79%,1.08,0.1,0.82,6.73,64%,4.32,0.41,10.43,5.19,5.35,0.36,11.6km,1.34,4.16,-,-,-,-
19386116,Abner Vinicius,24,68 kg,181 cm,,-,BRA,Ligue 1 McDonald's,Lyon,"€614,000 p/a",30/6/2028,D/WB (L),-,13,"1,170",89%,-,0.04,5.85,0.77,0.23,17%,0.23,-,-0.34,0.08,0.15,0.03,0,3.31,84%,1.15,0,0.23,3.85,42%,1.62,0.46,15.23,10.77,14.92,1.92,13.2km,2.77,9.23,-,-,-,-
19042304,Juan Jesus,33,82 kg,185 cm,,-,BRA,Serie A enilive,Napoli,"€2,780,000 p/a",30/6/2024,D (C),-,19,"1,788",92%,0.05,0.07,4.53,0.3,0.05,17%,0.05,-,-0.92,0.15,0.15,0.05,0,0.96,73%,1.31,0.25,0.4,5.99,62%,3.72,0.45,14.9,3.62,6.54,0.25,11.7km,1.06,3.37,-,-,-,-
91100466,Maximilian Arnold,30,74 kg,184 cm,,-,GER,Bundesliga,VfL Wolfsburg,"€3,989,000 p/a",30/6/2025,"DM, M (C)",-,16,"1,317",90%,0.21,0.12,6.01,1.23,0.14,20%,0.14,14%,0.48,0.14,0.07,0.04,0,1.85,79%,0.89,0,0.21,4.99,48%,2.39,0.62,16.81,4.37,13.33,0.55,13.1km,2.19,10.25,-,-,-,-
18087987,Sebastiaan Bornauw,25,83 kg,191 cm,,Damaged spine,BEL,Bundesliga,VfL Wolfsburg,"€2,493,000 p/a",30/6/2025,D (C),-,14,"1,259",92%,0.07,0.06,5.22,0.14,-,0%,0,-,-0.55,0,0.36,0.04,0,1.22,89%,0.86,0.21,0.93,7.29,72%,5.22,0.57,18.8,2.43,5.86,0.07,11.6km,0.86,2.36,-,-,-,-
29061164,Dan Burn,32,86 kg,201 cm,,-,ENG,English Premier League,Newcastle Utd,"€4,245,000 p/a",30/6/2024,D (LC),-,19,"1,512",89%,0.06,0.05,6.43,0.71,0.18,21%,0.48,-,-0.59,0.12,0,0.04,0,2.74,87%,0.6,0.06,0.65,5.36,63%,3.39,0.54,11.85,13.63,16.96,1.31,12.9km,2.8,9.76,-,-,-,-
1414241,Danilo D'Ambrosio,36,75 kg,180 cm,,-,ITA,Serie A enilive,Monza,"€1,850,000 p/a",30/6/2024,D (RC),-,15,"1,338",92%,-,0.03,3.63,0.13,-,0%,0,20%,0.53,0.13,0.2,0.03,0,1.08,80%,1.28,0.13,0.61,6.32,77%,4.84,0.54,13.99,2.83,5.04,0.07,10.9km,0.81,2.56,-,-,-,-
67157520,Álex Berenguer,29,73 kg,175 cm,,-,ESP,LaLiga EA SPORTS,Athletic Bilbao,"€1,295,000 p/a",30/6/2026,"WB (L), M (RL), AM (LC)","WB (L), M (R), AM (C)",26,"1,912",86%,0.09,0.15,2.49,1.32,0.28,14%,0.42,14%,-0.79,0.47,0.33,0.27,0,2.64,86%,0.66,0,0,4.1,18%,0.75,0.28,4.71,18.5,13.89,3.01,12.2km,3.2,12.19,-,-,-,-
96047750,Jan Bednarek,28,77 kg,189 cm,,-,POL,English Premier League,Southampton,"€2,183,000 p/a",30/6/2026,D (C),-,19,"1,501",91%,-,0.03,4.8,0.18,-,0%,0,-,-0.25,0.06,0.12,0.01,0,1.62,84%,1.32,0.3,0.84,5.94,73%,4.32,0.36,9.17,5.7,5.76,0.36,11.8km,1.44,3.48,-,-,-,-
96121228,Jakub Kamiński,22,68 kg,179 cm,,-,POL,Bundesliga,VfL Wolfsburg,"€2,610,000 p/a",30/6/2028,AM (RL),-,17,"1,326",85%,0.2,0.16,3.33,1.7,0.2,31%,0.75,8%,-0.28,0.61,0.68,0.15,0,2.04,86%,0.54,0,0,4.48,38%,1.7,0.2,6.04,16.49,14.73,3.39,12.3km,2.58,12.69,-,-,-,-
67212046,Alfonso Pedraza,28,73 kg,184 cm,,-,ESP,LaLiga EA SPORTS,Villarreal,"€1,390,000 p/a",30/6/2025,D/WB/M/AM (L),M/AM (L),21,"1,890",87%,0.14,0.19,5.9,0.81,0.19,23%,0.29,17%,0.71,0.1,0.14,0.01,0,3.1,75%,1,0.1,0.43,4.81,75%,3.62,0.57,12.81,15.19,15.38,1.81,12.8km,2.86,9.52,-,-,-,-
43029905,Cristiano Biraghi,32,78 kg,185 cm,,-,ITA,Serie A enilive,Torino,"€3,150,000 p/a",30/6/2025,D/WB (L),-,19,"1,666",90%,-,0.2,7.78,1.35,0.32,20%,0.38,-,-0.3,0.05,0.16,0.02,0,2.76,80%,0.54,0.27,0.27,4.81,62%,2.97,0.7,11.13,13.67,13.99,1.73,12.2km,2.7,8.27,-,-,-,-
19190440,Marcão,28,80 kg,185 cm,,-,BRA,LaLiga EA SPORTS,Sevilla,"€1,417,000 p/a",30/6/2026,D (C),-,22,"1,781",94%,-,0.02,5.86,0.1,0.1,0%,0,33%,0.82,0.1,0.05,0.01,0,1.06,78%,0.86,0.25,0.45,4.95,70%,3.49,0.56,19.96,2.43,5.51,0.15,11.4km,1.01,2.48,-,-,-,-
49048469,Enzo Millot,22,66 kg,174 cm,,-,FRA,Bundesliga,VfB Stuttgart,"€1,994,000 p/a",30/6/2027,"M (C), AM (RC)",AM (R),22,"1,730",84%,-,0.11,1.66,0.83,0.26,8%,0,10%,-1.27,0.88,0.78,0.33,0,1.3,69%,0.47,0,0,4.79,24%,1.14,0.52,11.76,17.12,13.63,1.92,13.0km,2.6,10.51,-,-,-,-
76042952,Jhon Lucumí,26,84 kg,187 cm,,-,COL,Serie A enilive,Bologna,"€1,932,000 p/a",30/6/2028,D (C),-,23,"2,048",92%,0.09,0.09,4.61,0.18,0.18,50%,0.04,33%,-0.13,0.09,0.04,0.05,0,1.67,84%,0.4,0.04,0.53,5.98,69%,4.13,0.57,16.61,3.03,5.62,0.22,11.2km,1.32,3.82,-,-,-,-
18089862,Selim Amallah,28,82 kg,186 cm,,-,MAR,LaLiga EA SPORTS,Valladolid,"€1,528,000 p/a",30/6/2027,"DM, M/AM (RC)","DM, AM (R)",19,"1,638",87%,0.22,0.19,2.42,0.99,0.16,10%,0.05,10%,-0.89,0.16,0.16,0.1,0,2.58,90%,0.38,0,0.05,2.31,24%,0.55,0.44,11.26,15.27,11.48,1.54,12.5km,3.57,10.99,-,-,-,-
13194021,Cheick Doucouré,24,73 kg,180 cm,,-,MLI,English Premier League,Crystal Palace,"€4,245,000 p/a",30/6/2028,"DM, M (C)",-,16,"1,282",92%,0.14,0.2,4.49,1.4,0.07,25%,0.07,-,-0.27,0.07,0.21,0.02,0,2.74,83%,0.56,0.07,0.21,4.42,52%,2.32,-,11.79,7.23,11.37,0.98,13.2km,3.09,10.46,-,-,-,-
70110530,Ozan Kabak,24,86 kg,187 cm,,-,TUR,Bundesliga,TSG Hoffenheim,"€3,585,000 p/a",30/6/2027,D (C),-,20,"1,698",92%,-,0.01,4.45,0.21,-,0%,0,-,-0.3,0,0,0.02,0,1.27,69%,0.74,0.21,0.58,6.78,83%,5.62,0.85,14.05,2.81,5.19,0.32,11.4km,1.17,3.76,-,-,-,-
91158071,Ermedin Demirović,26,84 kg,185 cm,,-,BIH,Bundesliga,VfB Stuttgart,"€1,396,000 p/a",30/6/2027,"AM (L), ST (C)",-,16,"1,290",80%,0.14,0.2,3,1.47,0.07,13%,0.28,15%,0.02,0.84,0.98,0.35,0,2.72,81%,0.91,0,0,5.37,38%,2.02,0.42,4.05,21.28,16.19,2.3,13.0km,3.63,11.93,-,-,-,-
91178612,Chris Führich,26,70 kg,181 cm,,-,GER,Bundesliga,VfB Stuttgart,"€2,493,000 p/a",30/6/2027,AM (RL),-,21,"1,528",84%,0.12,0.14,2.59,1.35,0.65,18%,0.59,11%,0.81,0.53,0.71,0.13,0,1.41,65%,1.18,0,0,4.18,24%,1,0.18,3.95,19.26,14.08,3.83,12.3km,2.83,13.08,-,-,-,-
91194540,Anton Stach,26,86 kg,193 cm,,-,GER,Bundesliga,TSG Hoffenheim,"€1,994,000 p/a",30/6/2026,"DM, M (C)",-,22,"1,893",90%,0.14,0.08,4.9,1.05,0.29,14%,0.1,-,-0.82,0.05,0.19,0.04,0,2.19,70%,1.14,0.19,0.29,4.04,65%,2.61,0.48,11.93,6.13,13.31,0.62,13.3km,3,10.08,-,-,-,-
48037362,Moussa Niakhaté,28,82 kg,190 cm,,-,SEN,Ligue 1 McDonald's,Lyon,"€3,942,000 p/a",30/6/2027,D (C),-,19,"1,749",94%,0.05,0.03,3.96,0.21,0.15,0%,0,11%,0.32,0.1,0.15,0.03,0,1.23,77%,1.13,0.36,0.51,7.1,76%,5.4,0.77,16.31,3.29,4.58,0.15,11.4km,0.87,2.83,-,-,-,-
67243881,Javi Galán,30,69 kg,172 cm,,-,ESP,LaLiga EA SPORTS,Atlético Madrid,"€1,496,000 p/a",30/6/2024,D/WB (L),-,27,"2,182",88%,0.04,0.05,4.66,1.98,0.08,12%,0.66,-,-0.39,0.04,0.04,0.02,0,3.88,85%,0.87,0.08,0.21,2.72,27%,0.74,0.41,11.01,16.99,18.27,2.23,13.8km,3.59,12.04,-,-,-,-
28115831,James Garner,23,77 kg,182 cm,,-,ENG,English Premier League,Everton,"€2,729,000 p/a",30/6/2025,"DM, M (C)",DM,20,"1,687",90%,0.21,0.14,5.23,1.39,0.32,15%,0.11,-,-0.53,0.27,0.37,0.03,0,1.87,71%,0.75,0.05,0.27,3.36,35%,1.17,0.32,10.51,7.42,11.15,0.32,13.1km,2.35,9.66,-,-,-,-
37039829,Kenny Tete,29,71 kg,180 cm,,-,NED,English Premier League,Fulham,"€3,695,000 p/a",30/6/2027,D/WB (R),-,21,"1,774",90%,-,0.06,5.38,1.07,0.1,10%,0.25,11%,0.45,0.1,0.25,0.03,0,3.3,82%,0.86,0.05,0.56,4.77,66%,3.15,0.51,12.84,13.55,15.07,0.71,12.9km,3.45,9.44,-,-,-,-
67010455,Iago Aspas,37,67 kg,176 cm,,-,ESP,LaLiga EA SPORTS,Vigo,"€2,593,000 p/a",30/6/2024,"AM (RC), ST (C)",-,19,"1,325",85%,0.07,0.16,2.38,1.7,0.34,22%,0.82,8%,-0.2,0.41,0.41,0.15,0,2.65,89%,0.68,0,0.07,4.89,38%,1.83,0.2,3.53,27.71,13.86,2.38,12.9km,3.46,13.79,-,-,-,-
98030084,Edimilson Fernandes,28,77 kg,187 cm,,-,SUI,Ligue 1 McDonald's,Brest,"€1,795,000 p/a",30/6/2025,"D (C), DM, M (C)",-,22,"1,613",92%,0.22,0.11,4.8,0.89,0.06,15%,0.06,-,-1.1,0.06,0.17,0.06,0,1.84,79%,0.67,0.22,0.45,4.91,66%,3.24,0.28,13.06,9.21,10.21,0.89,12.9km,2.06,7.64,-,-,-,-
14080605,Marcos Senesi,27,80 kg,184 cm,,-,ARG,English Premier League,Bournemouth,"€3,080,000 p/a",30/6/2028,D (C),-,19,"1,557",91%,0.12,0.07,3.7,0.29,0.06,0%,0,-,-0.31,0.06,0.06,0.02,0,1.33,79%,1.21,0.23,1.21,6.42,72%,4.62,0.52,11.79,3.93,4.74,0.17,11.2km,0.87,2.83,-,-,-,-
91139869,Salih Özcan,26,74 kg,182 cm,,-,TUR,Bundesliga,Borussia Dortmund,"€4,488,000 p/a",30/6/2025,"DM, M (C)",-,16,"1,320",92%,0.14,0.11,4.7,0.82,0.41,40%,0.07,-,-0.03,0.14,0.14,0,0,1.91,68%,0.89,0.14,0,3.48,49%,1.7,0.48,14.25,5.86,12.07,0.89,13.1km,2.59,10.23,-,-,-,-
51067636,Johan Felipe Vásquez,26,78 kg,184 cm,,-,MEX,Serie A enilive,Genoa,"€580,000 p/a",30/6/2026,D (C),-,21,"1,890",90%,-,0.02,3.57,0.19,0.05,0%,0,-,-1.23,0.1,0.1,0.06,0,1.14,77%,1.43,0.19,0.19,5.71,70%,4,0.67,16.76,3,5.71,0.05,11.6km,0.9,2.95,-,-,-,-
91124151,Marius Wolf,29,81 kg,188 cm,,-,GER,Bundesliga,Augsburg,"€1,941,000 p/a",30/6/2026,D/WB (R),-,14,"1,188",88%,0.08,0.11,6.97,1.52,0.38,8%,0.15,10%,0.3,0.08,0.3,0.05,0,3.03,70%,1.44,0.23,0.23,3.03,65%,1.97,0.53,11.52,12.8,14.62,1.36,12.8km,3.56,10.76,-,-,-,-
43090278,Pierluigi Gollini,29,94 kg,194 cm,,-,ITA,Serie A enilive,Roma,"€1,827,000 p/a",30/6/2027,GK,-,22,"1,892",74%,-,0,0.05,0.05,-,-,-,-,0,-,-,0,0,-,-,6.23,0,0,-,-,-,-,3.14,8.85,0,-,6.4km,0,0,9,36,17,0.09
53122155,Leo Østigård,25,80 kg,184 cm,,-,NOR,Bundesliga,TSG Hoffenheim,"€1,540,000 p/a",30/6/2026,D (C),-,23,"2,130",90%,0.04,0.01,4.69,0.08,0.04,0%,0,-,-1.08,0.13,0.08,0.05,0,1.48,83%,0.85,0.34,0.55,5.58,76%,4.23,0.34,13.52,3.46,5.62,0.21,11.7km,1.31,3.21,-,-,-,-
55041710,Gonçalo Guedes,28,72 kg,179 cm,,-,POR,English Premier League,Wolves,"€6,423,000 p/a",30/6/2026,"M (RL), AM (RLC), ST (C)","M (RL), AM (C), ST (C)",21,"1,380",88%,-,0.13,2.15,0.98,0.26,17%,0.52,13%,0.11,0.72,0.72,0.25,0,1.5,77%,0.46,0,0,5.09,46%,2.35,0.2,4.17,18.26,14.54,3.46,13.0km,2.93,12.78,-,-,-,-
85057004,Jérôme Roussillon,31,80 kg,172 cm,,-,GLP,Bundesliga,Union Berlin,"€1,097,000 p/a",30/6/2024,D/WB (L),-,14,"1,121",88%,0.08,0.05,7.23,1.2,0.16,14%,0.24,-,-0.65,0,0.08,0.05,0,2.89,90%,1.85,0.48,0.08,2.81,69%,1.93,0.96,10.6,13.89,15.58,2.17,12.9km,2.09,8.99,-,-,-,-
91108805,Robert Andrich,30,85 kg,186 cm,,-,GER,Bundesliga,Leverkusen,"€3,490,000 p/a",30/6/2027,"D (C), DM, M (C)",D (C),14,"1,261",89%,0.14,0.07,4.5,1.21,0.29,17%,0.07,17%,-0.07,0.21,0.07,0.08,0,2.14,88%,0.64,0.14,0.36,4,61%,2.43,0.29,10.85,6.71,12.7,0.36,13.5km,2.5,9.64,-,-,-,-
58090284,Daler Kuzyaev,31,74 kg,182 cm,,-,RUS,Ligue 1 McDonald's,Havre AC,"€351,000 p/a",30/6/2024,"DM, M (C)",DM,17,"1,175",85%,-,0.16,2.99,1.53,0.15,15%,0.46,10%,-0.43,0.23,0.08,0.11,0,2.22,83%,0.69,0.15,0,2.91,26%,0.77,0.38,12.64,11.18,11.26,0.84,12.4km,2.91,11.18,-,-,-,-
92016244,Mitchell Weiser,30,70 kg,177 cm,,-,GER,Bundesliga,SV Werder,"€1,509,000 p/a",30/6/2025,D/WB (R),-,16,"1,374",84%,0.13,0.06,4.06,1.51,0.13,13%,0.66,-,-0.03,0,0,0,0,3.6,89%,1.11,0.13,0,2.62,28%,0.72,0.59,10.87,16.24,16.51,3.73,12.7km,3.67,11.59,-,-,-,-
28109888,Angel Gomes,24,58 kg,168 cm,,-,ENG,Ligue 1 McDonald's,Lille,"€2,280,000 p/a",30/6/2027,"M (C), AM (RLC)",AM (RL),25,"1,822",88%,0.25,0.22,4,1.73,0.2,19%,0.15,10%,0.35,0.44,0.3,0.13,0,1.83,80%,0.4,0,0,2.37,25%,0.59,0.25,13.24,11.21,10.87,2.17,12.3km,3.16,10.52,-,-,-,-
98041215,Rubén Vargas,26,70 kg,177 cm,,-,SUI,LaLiga EA SPORTS,Sevilla,"€1,346,000 p/a",30/6/2024,AM (RL),-,20,"1,537",84%,0.06,0.08,2.81,1.11,0.29,26%,0.59,9%,-0.28,0.76,0.47,0.19,0,2.46,84%,0.64,0.06,0.06,3.22,31%,1,0.35,4.86,19.09,14.87,3.16,13.1km,3.1,11.71,-,-,-,-
34008670,Rémy Cabella,34,65 kg,172 cm,,-,FRA,Ligue 1 McDonald's,Lille,"€529,000 p/a",30/6/2024,"M (C), AM (LC)","M (C), AM (L)",15,"1,211",89%,0.07,0.19,2.82,1.11,0.37,15%,0.3,11%,0.48,0.67,0.89,0.19,0,2.23,81%,0.82,0.07,0,4.31,29%,1.26,0.59,6.17,16.42,14.34,2.97,12.4km,2.97,11.74,-,-,-,-
16130398,Philipp Lienhart,28,83 kg,189 cm,,-,AUT,Bundesliga,SC Freiburg,"€2,543,000 p/a",30/6/2026,D (C),-,16,"1,401",94%,-,0.01,4.75,0.39,0.32,0%,0,-,-1.04,0.06,0.13,0.07,0,1.16,69%,1.03,0.45,0.64,6.75,73%,4.95,0.39,15.16,2.96,5.33,0.19,11.7km,1.41,2.96,-,-,-,-
85050636,Alassane Pléa,31,79 kg,181 cm,,-,FRA,Bundesliga,Gladbach,"€3,490,000 p/a",30/6/2024,"AM (LC), ST (C)",AM (C),16,"1,096",87%,0.16,0.24,2.38,1.31,0.41,0%,0,13%,0.05,0.66,0.57,0.24,0,1.15,74%,0.74,0,0,3.94,25%,0.99,0.25,10.68,15.93,12.24,1.07,13.4km,1.72,9.94,-,-,-,-
90000708,Craig Dawson,34,83 kg,188 cm,,-,ENG,English Premier League,Wolves,"€3,942,000 p/a",30/6/2024,D (C),-,17,"1,443",91%,-,0.01,5.18,0.19,-,0%,0,20%,0.76,0.12,0.06,0.01,0,1.87,94%,1,0.19,0.75,6.36,73%,4.62,0.44,10.91,4.3,5.11,0.44,11.3km,1.31,3.43,-,-,-,-
72051619,Joe Scally,22,80 kg,184 cm,,-,USA,Bundesliga,Gladbach,"€1,496,000 p/a",30/6/2026,D/WB (R),-,18,"1,574",92%,0.11,0.06,6.92,0.74,0.06,25%,0.57,-,-0.23,0,0.11,0.01,0,3.09,83%,0.91,0.06,0.57,4.69,61%,2.86,0.23,11.04,12.06,15.5,1.2,13.6km,2.29,9.61,-,-,-,-
85117459,Maxwel Cornet,28,69 kg,179 cm,,-,CIV,Serie A enilive,Genoa,"€3,942,000 p/a",30/6/2026,M/AM (L),-,21,"1,594",79%,0.06,0.09,1.64,0.96,0.06,18%,0.56,13%,0.05,0.45,0.51,0.17,0,2.26,75%,0.56,0,0.11,5.59,46%,2.6,0.4,4.35,19.93,15.19,1.69,12.9km,3.05,12.7,-,-,-,-
43257364,Dany Mota,26,76 kg,180 cm,,-,LUX,Serie A enilive,Monza,"€1,347,000 p/a",30/6/2027,"AM (RLC), ST (C)",AM (C),18,"1,459",88%,0.19,0.04,1.05,0.93,0.12,15%,0.12,17%,4.49,1.3,1.11,0.28,0,0.93,63%,0.37,0,0.12,7.28,38%,2.78,-,2.22,15.79,5.68,1.17,11.4km,1.79,7.09,-,-,-,-
48044576,Boubakary Soumaré,25,82 kg,188 cm,,-,FRA,English Premier League,Leicester,"€3,335,000 p/a",30/6/2024,"DM, M (C)",M (C),16,"1,370",89%,-,0.02,4.14,1.31,0.07,23%,0.07,-,-1.71,0.2,0.46,0.11,0,1.71,59%,0.66,0,0.33,3.22,63%,2.04,0.46,11.63,5.91,12.22,0.46,13.2km,2.96,8.93,-,-,-,-
91132870,Ihlas Bebou,30,80 kg,185 cm,,-,TOG,Bundesliga,TSG Hoffenheim,"€1,994,000 p/a",30/6/2025,"AM (R), ST (C)",-,14,"1,139",86%,-,0.02,0.55,0.55,-,0%,0,28%,4.18,1.11,0.55,0.16,0,1.42,86%,0.32,0,0.08,6.87,20%,1.34,0.24,1.74,22.6,5.53,1.19,11.1km,1.74,7.19,-,-,-,-
67211912,Borja Mayoral,27,74 kg,182 cm,,-,ESP,LaLiga EA SPORTS,Getafe,"€875,000 p/a",30/6/2026,ST (C),-,21,"1,857",85%,0.24,0.13,0.97,0.78,0.24,22%,0.1,19%,4.14,1.94,0.87,0.39,0,1.07,69%,0.44,0.05,0.05,7.32,24%,1.74,0.1,2.76,15.46,6.69,0.73,12.0km,1.79,6.93,-,-,-,-
43269242,Tommaso Pobega,25,75 kg,188 cm,,-,ITA,Serie A enilive,Bologna,"€1,850,000 p/a",30/6/2026,"DM, M (C)",-,27,"2,066",88%,0.26,0.13,4.44,1.09,0.39,27%,0.17,-,-0.97,0.17,0.26,0.04,0,2.13,74%,0.83,0.09,0.17,3.79,61%,2.31,0.3,11.2,6.4,12.07,0.48,12.7km,2.83,9.37,-,-,-,-
18097160,Albert Sambi Lokonga,25,74 kg,183 cm,,-,BEL,LaLiga EA SPORTS,Sevilla,"€3,032,000 p/a",30/6/2024,"DM, M (C)",-,10,"1,024",90%,0.18,0.28,5.19,1.14,0.26,14%,0.09,-,-0.78,0.18,0.35,0.07,0,2.55,88%,0.88,0.09,0.09,2.2,76%,1.67,0.18,13.54,10.2,11.51,0.53,12.1km,2.99,10.46,-,-,-,-
29076104,Harrison Reed,29,74 kg,181 cm,,-,ENG,English Premier League,Fulham,"€3,032,000 p/a",30/6/2026,"DM, M (C)",-,22,"1,835",91%,-,0.07,3.43,0.69,0.05,25%,0.1,-,-0.54,0.1,0.15,0.03,0,2.89,82%,0.88,0.1,0,2.55,38%,0.98,0.54,10.54,7.6,12.7,0.29,13.3km,2.89,10.79,-,-,-,-
62142830,Vanja Milinković-Savić,27,92 kg,202 cm,,-,SRB,Serie A enilive,Torino,"€1,300,000 p/a",30/6/2025,GK,-,19,"1,651",81%,-,0,0,0,-,-,-,-,0,-,-,0,1,0.11,50%,0.76,0,0,-,-,-,-,2.83,10.03,0,-,6.0km,0,0,10,50,23,0.15
91144397,Grischa Prömel,29,75 kg,180 cm,,-,GER,Bundesliga,TSG Hoffenheim,"€1,994,000 p/a",30/6/2025,"DM, M (C)",-,21,"1,809",86%,0.2,0.1,2.59,0.8,0.25,21%,0.15,9%,-1.29,0.25,0.15,0.11,0,2.64,73%,0.7,0.1,0.25,3.38,47%,1.59,0.4,9.65,11.69,13.38,0.75,12.8km,3.48,9.6,-,-,-,-
29162667,Marcus Tavernier,25,73 kg,178 cm,,-,ENG,English Premier League,Bournemouth,"€2,426,000 p/a",30/6/2027,"M (L), AM (RLC)","M (L), AM (R)",17,"1,316",83%,0.21,0.16,2.33,1.37,0.27,12%,0.62,-,-2.01,0.48,0.68,0.14,0,2.26,80%,0.62,0,0,5.13,19%,0.96,0.27,5.2,18.05,16.62,2.74,13.1km,3.49,13.68,-,-,-,-
89046527,Joe Aribo,28,74 kg,188 cm,,-,NGA,English Premier League,Southampton,"€2,183,000 p/a",30/6/2025,AM (RLC),AM (L),22,"1,783",84%,-,0.07,1.67,0.91,0.2,16%,0.25,13%,0.3,0.25,0.25,0.14,0,1.92,79%,1.16,0,0.1,6.06,38%,2.27,0.1,7.67,24.18,12.62,1.21,12.5km,3.63,11.36,-,-,-,-
67186869,Antonio Sivera,28,75 kg,185 cm,,-,ESP,LaLiga EA SPORTS,Alavés,"€724,000 p/a",30/6/2026,GK,-,21,"1,890",87%,-,0,0,0,-,-,-,-,0,-,-,0,1,0,0%,4.14,0,0,-,-,-,-,4.76,6.52,0,-,6.6km,0,0,22,46,19,-0.14
67215898,Igor Zubeldia,27,79 kg,180 cm,,-,ESP,LaLiga EA SPORTS,Real Sociedad,"€986,000 p/a",30/6/2028,D (C),-,14,"1,541",92%,-,0.03,5.08,0.58,0.06,20%,0.06,23%,1.85,0.29,0.23,0.07,0,1.69,81%,1.11,0.41,0.35,5.61,55%,3.1,0.35,16.65,3.27,7.42,0.12,12.0km,1.81,4.32,-,-,-,-
28095341,Pablo Maffeo,27,68 kg,173 cm,,-,ARG,LaLiga EA SPORTS,Mallorca,"€1,500,000 p/a",30/6/2025,D/WB (R),-,19,"1,523",85%,0.12,0.06,6.62,0.71,0.06,8%,0.12,-,-0.84,0.06,0.06,0.05,0,2.78,76%,0.77,0.12,0,3.37,47%,1.6,0.41,9.4,18.08,14.01,1.71,12.7km,2.6,7.86,-,-,-,-
85065498,Adrien Tameze,30,78 kg,180 cm,,-,CMR,Serie A enilive,Torino,"€1,280,000 p/a",30/6/2024,"D (C), DM, M (C)",D (C),18,"1,530",88%,0.18,0.12,4.18,0.88,0.06,33%,0.12,-,-2.91,0.12,0.18,0.17,0,2.06,66%,0.53,0.12,0.06,2.47,31%,0.76,0.24,12.94,6.65,13.24,0.65,13.5km,3.12,10.12,-,-,-,-
56001681,Seamus Coleman,36,67 kg,178 cm,,Thigh strain,IRL,English Premier League,Everton,"€4,548,000 p/a",30/6/2024,D/WB/M (R),WB/M (R),15,"1,038",88%,0.09,0.09,4.86,1.13,0.09,12%,0.61,-,-0.03,0.09,0,0,0,3.12,78%,1.82,0.09,0.52,5.03,67%,3.38,0.35,10.49,17.69,18.21,1.3,12.9km,3.03,10.66,-,-,-,-
67173045,Isi Palazón,30,68 kg,169 cm,,-,ESP,LaLiga EA SPORTS,Vallecano,"€842,000 p/a",30/6/2027,"M (R), AM (RC)",AM (C),21,"1,852",84%,0.15,0.15,2.77,1.41,0.15,16%,0.63,12%,1.7,0.63,0.68,0.11,0,2.96,84%,0.34,0,0,4.47,30%,1.36,0.24,4.52,18.71,16.23,3.35,12.5km,3.84,13.41,-,-,-,-
55038655,José Sá,31,84 kg,192 cm,,-,POR,English Premier League,Wolves,"€3,942,000 p/a",30/6/2026,GK,-,14,"1,186",81%,-,0,0,0,-,-,-,-,0,-,-,0,1,0.15,29%,5.99,0,0,-,-,-,-,3.11,9.71,0,-,5.8km,0,0,9,30,10,-0.13
43159580,Rolando Mandragora,27,75 kg,183 cm,,-,ITA,Serie A enilive,Fiorentina,"€3,253,000 p/a",30/6/2028,"DM, M (C)",-,19,"1,441",93%,0.12,0.12,5.87,1.31,0.37,25%,0.12,-,-0.72,0.06,0.19,0.04,0,2.31,84%,0.81,0.12,0.06,2.94,47%,1.37,0.37,9.74,7.93,11.24,1.06,13.0km,2.56,9.74,-,-,-,-
43067331,Gianluca Caprari,31,72 kg,176 cm,,-,ITA,Serie A enilive,Monza,"€1,670,000 p/a",30/6/2024,AM (LC),-,19,"1,460",86%,0.25,0.16,2.47,1.42,0.31,14%,0.18,18%,1.58,0.8,0.43,0.27,0,2.34,81%,0.43,0,0,3.82,6%,0.25,0.18,9.49,16.46,12.39,1.36,13.2km,3.39,11.03,-,-,-,-
27129143,Casper Tengstedt,24,77 kg,184 cm,,-,DEN,Serie A enilive,Hellas Verona,"€962,000 p/a",30/6/2027,ST (C),-,14,"1,205",84%,0.07,0.09,0.9,0.52,0.15,0%,0,7%,-1.2,0.97,0.52,0.24,0,1.2,76%,0.6,0,0,9.34,38%,3.51,0.22,1.94,20.09,6.95,0.9,11.8km,1.72,7.32,-,-,-,-
29127852,Lewis Cook,27,71 kg,176 cm,,Damaged cruciate ligaments,ENG,English Premier League,Bournemouth,"€2,123,000 p/a",30/6/2027,"DM, M (C)",-,19,"1,696",92%,0.16,0.09,4.78,1.22,0.21,19%,0.11,-,-0.9,0.05,0,0.05,0,2.71,82%,0.69,0.05,0.16,3.08,17%,0.53,0.53,10.51,7.85,11.99,0.9,13.3km,2.97,10.08,-,-,-,-
958318,Oscar Trejo,36,77 kg,180 cm,,-,ARG,LaLiga EA SPORTS,Vallecano,"€877,000 p/a",30/6/2024,M/AM (C),M (C),21,"1,422",85%,0.06,0.16,2.09,1.52,0.44,0%,0,-,-3.92,0.7,0.38,0.2,0,1.58,81%,0.89,0.06,0,3.73,29%,1.08,0.38,9.94,19.75,11.65,1.52,12.3km,2.41,10.63,-,-,-,-
67228932,Kirian,28,70 kg,180 cm,,-,ESP,LaLiga EA SPORTS,Las Palmas,"€374,000 p/a",30/6/2027,M/AM (C),-,21,"1,818",84%,0.2,0.23,2.92,1.78,0.35,8%,0.05,4%,-4.46,0.89,0.74,0.32,0,1.14,61%,0.69,0.1,0,3.12,10%,0.3,0.3,10.25,19.21,13.02,1.68,13.3km,2.28,11.53,-,-,-,-
55070291,Aurélio Buta,27,66 kg,172 cm,,-,ANG,Ligue 1 McDonald's,Reims,"€1,496,000 p/a",30/6/2025,D/WB (R),-,17,"1,530",87%,0.06,0.14,6.71,0.71,0.24,5%,0.06,22%,1.09,0.29,0.18,0.05,0,3.06,79%,1.12,0.24,0.12,3.12,51%,1.59,0.71,11.94,16.71,14.41,2.47,12.4km,3,8.88,-,-,-,-
67213714,Óscar Valentín,30,72 kg,177 cm,,-,ESP,LaLiga EA SPORTS,Vallecano,"€1,486,000 p/a",30/6/2026,"DM, M (C)",-,20,"1,789",93%,0.1,0.11,3.77,0.55,-,25%,0.1,-,-0.59,0.05,0.15,0.03,0,2.47,83%,0.65,0.1,0.05,2.92,17%,0.5,0.6,12.48,7.24,12.53,0.45,13.4km,2.97,9.96,-,-,-,-
92074021,Atakan Karazor,28,76 kg,191 cm,,-,TUR,Bundesliga,VfB Stuttgart,"€1,496,000 p/a",30/6/2027,"DM, M (C)",-,24,"1,974",92%,0.14,0.09,4.74,0.68,0.32,33%,0.05,-,-0.45,0.09,0.05,0.02,0,1.87,75%,0.96,0.05,0.23,4.7,57%,2.69,0.55,11.81,6.11,11.58,0.73,12.8km,2.46,9.94,-,-,-,-
48044499,Jean-Clair Todibo,25,88 kg,190 cm,,-,FRA,English Premier League,West Ham,"€1,251,000 p/a",30/6/2026,D (C),-,21,"1,890",94%,-,0.07,4.29,0.19,0.1,0%,0,-,-0.89,0.1,0,0.04,0,1.1,85%,0.81,0.29,0.71,6.19,66%,4.1,0.57,16.81,4.1,4.71,0.19,11.7km,0.95,2.71,-,-,-,-
43280475,Alessio Zerbin,25,77 kg,182 cm,,-,ITA,Serie A enilive,Venezia,"€925,000 p/a",30/6/2024,"M (L), AM (RL)",M (L),19,"1,263",84%,0.14,0.16,2.14,1.14,0.43,14%,0.5,12%,-1.85,1,0.5,0.42,0,2.85,91%,0.78,0,0.07,5.42,43%,2.35,0.36,4.49,22.8,14.89,3.85,12.2km,3.56,12.47,-,-,-,-
67181404,Antonio Sanabria,28,76 kg,180 cm,,-,PAR,Serie A enilive,Torino,"€2,960,000 p/a",30/6/2025,ST (C),-,15,"1,148",83%,0.08,0.09,0.63,0.47,0.24,0%,0,11%,0.26,1.41,1.41,0.29,0,1.25,70%,0.47,0,0.08,6.82,47%,3.21,-,1.8,18.34,5.8,0.94,11.5km,1.8,7.6,-,-,-,-
85140284,Fodé Ballo-Touré,27,70 kg,182 cm,,-,SEN,Ligue 1 McDonald's,Havre AC,"€713,000 p/a",30/6/2024,D/WB/M (L),WB/M (L),17,"1,530",88%,0.06,0.14,6.29,0.47,0.29,18%,0.24,-,-0.46,0.06,0.06,0.03,0,2.53,88%,0.94,0,0.24,4.76,59%,2.82,1.12,11.94,12,14.47,1.53,12.0km,2,8.71,-,-,-,-
67210735,Alejandro Catena,30,78 kg,194 cm,,-,ESP,LaLiga EA SPORTS,CA Osasuna,"€790,000 p/a",30/6/2027,D (C),-,21,"1,890",93%,-,0.04,4.24,0.29,0.05,0%,0,17%,0.48,0.05,0.1,0.02,0,1.1,85%,1.14,0.24,0.52,7.05,72%,5.05,0.81,19.76,2.1,6.05,0.33,11.7km,0.9,2.9,-,-,-,-
91184445,Josha Vagnoman,24,90 kg,190 cm,,-,GER,Bundesliga,VfB Stuttgart,"€2,069,000 p/a",30/6/2028,D/WB (RL),-,24,"2,019",89%,-,0.05,6.06,0.71,0.09,4%,0.04,-,-1.09,0.09,0.13,0.05,0,2.94,87%,1.11,0.09,0.45,4.32,59%,2.54,0.53,9,15.78,14.98,1.87,13.0km,2.18,8.74,-,-,-,-
67142544,Moi Gómez,30,73 kg,176 cm,,-,ESP,LaLiga EA SPORTS,CA Osasuna,"€790,000 p/a",30/6/2026,"M (C), AM (LC)",M (C),16,"1,077",88%,0.33,0.36,3.59,1.5,0.25,19%,0.17,9%,-0.35,0.25,0.42,0.11,0,1.84,96%,0.75,0.08,0,2.34,25%,0.58,0.25,14.79,13.12,11.7,1,12.7km,2.34,10.61,-,-,-,-
43270506,Luca Ranieri,25,74 kg,179 cm,,-,ITA,Serie A enilive,Fiorentina,"€2,612,000 p/a",30/6/2027,"D (LC), WB (L)",D/WB (L),19,"1,626",93%,0.06,0.04,4.59,0.39,0.17,100%,0.17,-,-0.67,0.11,0.28,0.04,0,1.49,82%,0.89,0.33,0.66,6.31,69%,4.37,0.77,12.73,3.71,5.26,0.17,11.3km,1.33,3.27,-,-,-,-
96044665,Paweł Dawidowicz,29,80 kg,189 cm,,-,POL,Serie A enilive,Hellas Verona,"€380,000 p/a",30/6/2024,D (C),-,12,"1,080",93%,-,0.01,3.25,0.08,-,17%,0.08,-,-0.18,0.08,0.17,0.01,0,1.67,95%,1.5,0.67,0.75,8,78%,6.25,0.42,11.17,4.08,6,0.08,11.8km,1.33,4.25,-,-,-,-
91143563,Dennis Geiger,26,67 kg,173 cm,,-,GER,Bundesliga,TSG Hoffenheim,"€1,994,000 p/a",30/6/2026,"DM, M (C)",-,21,"1,701",86%,0.21,0.25,2.43,0.79,0.11,28%,0.37,-,-0.44,0,0.16,0.02,0,1.75,77%,0.63,0,0,2.91,40%,1.16,0.58,9.95,12.86,12.7,0.9,12.7km,2.7,10.79,-,-,-,-
19163503,Hernâni,30,77 kg,188 cm,,-,BRA,Serie A enilive,Parma,"€119,000 p/a",30/6/2025,"DM, M (C)",-,19,"1,480",89%,0.06,0.17,5.05,1.7,0.18,14%,0.06,20%,0.45,0.18,0,0.03,0,1.7,72%,0.79,0.12,0.36,3.65,57%,2.07,0.3,9.3,7.42,11.86,0.49,12.7km,2.61,10.22,-,-,-,-
92017509,Rani Khedira,30,86 kg,189 cm,,-,GER,Bundesliga,Union Berlin,"€1,257,000 p/a",30/6/2025,"DM, M (C)",-,14,"1,203",89%,0.3,0.13,3.14,0.6,0.15,0%,0,-,-0.91,0,0.07,0.07,0,1.87,60%,0.37,0.07,0.45,5.24,56%,2.92,0.37,15.56,5.46,12.79,0.75,12.8km,3.14,9.73,-,-,-,-
91126294,Maximilian Eggestein,28,77 kg,181 cm,,-,GER,Bundesliga,SC Freiburg,"€2,244,000 p/a",30/6/2027,"DM, M (C)",-,14,"1,185",86%,0.08,0.19,3.04,1.44,0.08,33%,0.3,-,-2,0.23,0.3,0.15,0,1.75,70%,0.61,0,0.15,3.19,69%,2.2,0.38,11.09,13.29,12.38,0.68,12.3km,2.73,10.48,-,-,-,-
67295600,Isaac Romero,24,75 kg,184 cm,,-,ESP,LaLiga EA SPORTS,Sevilla,"€988,000 p/a",30/6/2027,ST (C),-,21,"1,638",85%,0.11,0.16,0.88,0.66,0.27,10%,0.05,21%,4.29,1.81,1.04,0.37,0,1.65,91%,0.38,0,0.11,7.36,46%,3.35,0.16,2.64,16.76,6.54,1.04,12.0km,1.81,7.03,-,-,-,-
85085142,Valentin Rongier,30,70 kg,172 cm,,-,FRA,Ligue 1 McDonald's,Marseille,"€2,893,000 p/a",30/6/2025,"DM, M (C)",DM,13,"1,163",91%,-,0.06,6.89,1.24,0.15,11%,0.15,-,-0.61,0.15,0.15,0.05,0,2.63,92%,1.08,0.15,0.39,4.18,48%,2.01,0.7,14.16,12.46,14.78,1.08,12.8km,1.93,8.51,-,-,-,-
67232115,Fran Beltrán,25,64 kg,165 cm,,-,ESP,LaLiga EA SPORTS,Vigo,"€596,000 p/a",30/6/2025,"DM, M (C)",-,21,"1,711",90%,-,0.02,5.21,0.84,0.11,43%,0.16,-,-0.39,0.05,0.11,0.02,0,2.21,81%,0.79,0.05,0,3.26,26%,0.84,0.58,9.94,9.1,11.78,0.58,13.2km,2.79,9.78,-,-,-,-
95035991,Adrià Pedrosa,26,69 kg,176 cm,,-,ESP,LaLiga EA SPORTS,Sevilla,"€773,000 p/a",30/6/2027,D/WB (L),-,21,"1,890",88%,0.05,0.14,8.38,0.43,0.05,12%,0.14,-,-0.93,0.1,0.19,0.04,0,2.52,80%,0.95,0,0.14,4.19,59%,2.48,0.67,12.81,13.14,13.9,1.76,12.1km,2.05,9.05,-,-,-,-
70097248,Zeki Çelik,27,78 kg,180 cm,,-,TUR,Serie A enilive,Roma,"€2,560,000 p/a",30/6/2025,D/WB (R),-,21,"1,636",90%,0.06,0.08,6.88,0.61,-,6%,0.11,-,-0.68,0,0.22,0.04,0,2.86,83%,1.54,0.06,0.22,4.51,68%,3.08,0.77,9.3,16.06,15.07,1.43,13.1km,2.26,8.75,-,-,-,-
91177383,Elvis Rexhbecaj,27,78 kg,182 cm,,-,KOS,Bundesliga,Augsburg,"€1,679,000 p/a",30/6/2027,"DM, M (C)",-,17,"1,432",90%,0.06,0.19,3.83,0.75,0.13,27%,0.13,-,-0.61,0.06,0,0.04,0,2.39,67%,0.69,0.19,0,2.64,38%,1.01,0.13,12.88,6.72,13.14,0.63,13.0km,3.46,9.43,-,-,-,-
85103818,Ludovic Ajorque,30,82 kg,196 cm,,-,FRA,Ligue 1 McDonald's,Brest,"€1,845,000 p/a",30/6/2025,ST (C),-,20,"1,668",89%,0.05,0.07,0.7,0.49,0.05,0%,0,11%,-0.18,1.29,0.76,0.33,0,1.67,86%,0.7,0,0,10.14,46%,4.69,0.11,1.78,20.4,7.18,0.97,11.4km,1.89,7.77,-,-,-,-
13136629,Taiwo Awoniyi,27,74 kg,183 cm,,-,NGA,English Premier League,Nott'm Forest,"€2,729,000 p/a",30/6/2026,ST (C),-,20,"1,661",84%,-,0.08,0.87,0.81,0.22,6%,0.05,17%,1.55,0.87,0.81,0.24,0,1.25,77%,0.43,0,0.05,7.75,38%,2.93,0.05,1.79,13.93,6.61,0.81,12.5km,1.73,6.56,-,-,-,-
67106568,Juanmi,31,63 kg,172 cm,,-,ESP,LaLiga EA SPORTS,Getafe,"€810,000 p/a",30/6/2024,"M/AM (L), ST (C)",M (L),17,"1,271",82%,0.28,0.1,2.76,1.56,0.21,24%,0.57,16%,2.56,1.2,0.85,0.17,0,1.98,72%,0.5,0,0,5.31,19%,0.99,0.14,4.6,15.58,11.61,1.63,12.1km,3.19,3.19,-,-,-,-
19290884,Tuta,25,75 kg,185 cm,,-,BRA,Bundesliga,Eintracht Frankfurt,"€1,994,000 p/a",30/6/2025,D (RC),D (R),19,"1,596",93%,0.11,0.01,4.51,0.39,0.06,0%,0,-,-0.72,0.06,0.06,0.04,0,1.13,57%,1.07,0.39,0.79,5.41,61%,3.33,0.45,14.15,2.82,6.03,0.23,11.5km,1.69,3.1,-,-,-,-
63025710,Denis Vavro,28,81 kg,189 cm,,-,SVK,Bundesliga,VfL Wolfsburg,"€1,150,000 p/a",31/12/2025,D (C),-,18,"1,555",92%,-,0.01,3.99,0.29,-,50%,0.06,11%,0.52,0.06,0.23,0.03,0,1.22,84%,0.93,0.41,0.52,7.29,72%,5.27,0.64,16.78,3.01,6.25,0.06,11.8km,0.93,2.6,-,-,-,-
67177699,Rubén Peña,33,64 kg,170 cm,,-,ESP,LaLiga EA SPORTS,CA Osasuna,"€718,000 p/a",30/6/2024,"D/WB (RL), M/AM (R)","WB (L), M/AM (R)",21,"1,761",90%,0.2,0.17,7.31,0.97,0.15,10%,0.1,13%,0.7,0.26,0.26,0.07,0,2.61,84%,0.92,0.1,0.36,3.58,46%,1.64,0.36,15.84,11.75,14.26,0.97,13.1km,1.94,9.2,-,-,-,-
24000969,Milan Badelj,35,74 kg,186 cm,,-,CRO,Serie A enilive,Genoa,"€1,790,000 p/a",30/6/2024,"DM, M (C)",-,20,"1,538",88%,0.29,0.21,4.51,1.52,0.23,0%,0,-,-1.01,0.12,0.06,0.06,0,2.34,82%,1.05,0.06,0.7,4.92,49%,2.4,0.29,11.29,7.84,10.07,0.41,12.4km,2.81,10.42,-,-,-,-
95071289,Zito Luvumbo,22,65 kg,171 cm,,-,ANG,Serie A enilive,Cagliari,"€760,000 p/a",30/6/2026,"AM (R), ST (C)",-,20,"1,685",84%,0.21,0.12,0.85,0.69,0.05,13%,0.05,25%,5.27,1.18,0.85,0.2,0,1.18,67%,0.16,0,0,7.16,21%,1.5,0.05,1.39,20.94,5.45,0.96,11.3km,1.76,7.53,-,-,-,-
91143703,Marco Friedl,26,82 kg,187 cm,,-,AUT,Bundesliga,SV Werder,"€1,496,000 p/a",30/6/2025,D (LC),-,17,"1,364",94%,-,0.11,5.34,0.26,0.13,0%,0,-,-0.56,0.07,0,0.04,1,1.19,75%,0.92,0.4,0.26,4.75,72%,3.43,0.79,13.33,2.84,5.41,0.07,11.5km,1.06,3.37,-,-,-,-
43041142,Marco Silvestri,33,79 kg,191 cm,,-,ITA,Serie A enilive,Empoli,"€1,850,000 p/a",30/6/2024,GK,-,20,"1,800",56%,-,0,0,0,-,-,-,-,0,-,-,0,0,0,0%,7.45,0,0,-,-,-,-,2.45,9.6,0,-,5.6km,0,0,19,30,17,0.33
91137228,Lucas Höler,30,83 kg,184 cm,,-,GER,Bundesliga,SC Freiburg,"€1,745,000 p/a",30/6/2025,ST (C),-,15,"1,281",84%,0.07,0.09,0.7,0.35,0.28,0%,0,5%,-2.65,0.84,0.77,0.33,0,1.12,67%,0.14,0,0.07,9.13,39%,3.58,0.28,2.81,17.28,7.17,1.62,11.8km,1.69,7.1,-,-,-,-
28059634,Jamaal Lascelles,31,89 kg,188 cm,,-,ENG,English Premier League,Newcastle Utd,"€3,335,000 p/a",30/6/2024,D (C),-,14,"1,107",89%,-,0.01,4.88,0.24,0.08,0%,0,-,-0.51,0.08,0.08,0.04,0,0.57,54%,1.46,0.24,0.49,6.75,78%,5.28,0.73,10,4.55,6.02,0.08,11.6km,0.98,3.09,-,-,-,-
85010871,Nampalys Mendy,32,68 kg,168 cm,,Torn ankle ligaments,SEN,Ligue 1 McDonald's,RC Lens,"€385,000 p/a",30/6/2024,"DM, M (C)",-,14,"1,196",89%,0.15,0.12,4.52,1.05,0.23,0%,0,-,-0.28,0,0.15,0.02,0,2.26,65%,0.45,0.08,0,2.63,23%,0.6,0.45,13.92,5.34,12.19,0.9,13.1km,3.16,10.01,-,-,-,-
18113140,Aster Vranckx,22,78 kg,183 cm,,-,BEL,Bundesliga,VfL Wolfsburg,"€1,709,000 p/a",30/6/2028,"DM, M (C)",-,17,"1,339",90%,-,0.1,3.76,1.14,0.4,0%,0,20%,0.44,0.13,0.2,0.04,0,2.42,84%,0.54,0.07,0.13,3.9,36%,1.41,0.34,12.43,5.71,12.1,1.08,12.7km,2.76,8.87,-,-,-,-
37060951,Myron Boadu,23,71 kg,183 cm,,-,NED,Bundesliga,VfL Bochum,"€1,197,000 p/a",30/6/2024,"AM (RL), ST (C)",AM (RL),15,"1,006",88%,-,0.12,0.72,0.45,0.27,0%,0,-,-2.86,0.27,0.98,0.26,0,0.89,71%,0.36,0,0.18,9.75,24%,2.33,0.18,1.79,17.53,7.16,0.98,12.4km,1.34,7.07,-,-,-,-
91170086,Jonathan Burkardt,24,76 kg,181 cm,,-,GER,Bundesliga,Mainz 05,"€1,745,000 p/a",30/6/2026,ST (C),-,13,"1,033",85%,0.09,0.06,0.35,0.44,0.17,20%,0.09,12%,-0.19,0.96,0.78,0.28,0,1.05,75%,0.26,0,0,7.32,23%,1.66,0.35,1.57,21.43,7.41,1.66,12.3km,1.48,7.49,-,-,-,-
43134973,Ionuţ Radu,27,70 kg,188 cm,,-,ROU,Serie A enilive,Venezia,"€1,850,000 p/a",30/6/2024,GK,-,18,"1,620",59%,-,0,0,0,-,-,-,-,0,-,-,0,0,0.06,33%,7.72,0,0,-,-,-,-,3.67,8.33,0,-,6.6km,0,0,15,38,20,-0.44
49048381,Kiliann Sildillia,22,76 kg,186 cm,,-,FRA,Bundesliga,SC Freiburg,"€1,946,000 p/a",30/6/2028,"D (RC), WB (R)",-,13,"1,076",92%,0.08,0.18,5.69,0.67,0.42,14%,0.25,-,-1.23,0,0.08,0.1,0,2.84,89%,1.17,0.17,0.59,5.52,55%,3.01,0.33,11.88,14.22,14.72,0.67,12.9km,2.68,7.78,-,-,-,-
53102029,Andreas Hanche-Olsen,27,82 kg,185 cm,,-,NOR,Bundesliga,Mainz 05,"€997,000 p/a",30/6/2025,D (RC),D (R),16,"1,440",91%,-,0.01,4.25,0.19,-,0%,0,-,-0.6,0.06,0,0.04,0,1.06,81%,1,0.19,1.06,5.94,77%,4.56,0.56,13,3.88,4.44,0.12,10.9km,1.06,3.06,-,-,-,-
61058564,Liam Henderson,28,67 kg,183 cm,,-,SCO,Serie A enilive,Empoli,"€1,480,000 p/a",30/6/2024,M/AM (C),-,21,"1,766",84%,0.1,0.1,3.62,1.27,0.05,29%,0.25,14%,0.71,0.31,0.31,0.07,0,1.94,75%,0.61,0.05,0.2,3.87,49%,1.89,0.56,9.22,16.61,10.6,1.02,12.1km,3.01,11.11,-,-,-,-
2000053930,José Ángel Carmona,22,73 kg,184 cm,,-,ESP,LaLiga EA SPORTS,Sevilla,"€1,198,000 p/a",30/6/2028,D (RC),D (C),22,"1,980",90%,-,0.04,5.5,0.55,0.09,15%,0.23,8%,-1.85,0.27,0.27,0.18,0,2.32,70%,0.77,0.14,0.27,4.82,60%,2.91,0.64,12.5,16.55,16.18,1.68,13.1km,2.36,8.41,-,-,-,-
67158501,Lucas Torró,30,77 kg,190 cm,,-,ESP,LaLiga EA SPORTS,CA Osasuna,"€611,000 p/a",30/6/2026,"DM, M (C)",-,21,"1,681",91%,-,0.19,3.05,0.75,0.11,6%,0.05,-,-1.28,0.11,0.21,0.07,0,1.61,59%,0.64,0,0.27,4.6,43%,1.98,0.32,16.06,12.1,10.71,0.96,12.1km,2.89,11.51,-,-,-,-
92056736,Janik Haberer,30,79 kg,186 cm,,-,GER,Bundesliga,Union Berlin,"€1,518,000 p/a",30/6/2025,M/AM (C),-,18,"1,536",84%,0.06,0.08,1.7,0.88,0.23,20%,0.12,12%,0.48,0.76,0.64,0.21,0,1.64,74%,0.47,0.12,0.06,3.81,42%,1.58,0.06,12.77,18.87,13.12,1.35,12.6km,2.87,11.02,-,-,-,-
67221484,Iñaki Peña,25,78 kg,184 cm,,-,ESP,LaLiga EA SPORTS,Vigo,"€668,000 p/a",30/6/2025,GK,-,17,"1,508",92%,-,0,0,0,-,-,-,-,0,-,-,0,1,0,0%,0.9,0,0,-,-,-,-,2.39,11.34,0,-,5.5km,0,0,7,33,15,-0.31
43206174,Nicolò Casale,26,81 kg,191 cm,,-,ITA,Serie A enilive,Bologna,"€1,850,000 p/a",30/6/2026,D (C),-,25,"2,250",93%,-,0.07,4.24,0.16,0.04,0%,0,8%,0.33,0.12,0.2,0.03,0,1.08,69%,0.76,0.36,0.68,7.4,76%,5.6,0.36,16.68,3.24,5.84,0.12,11.6km,1.2,3.36,-,-,-,-
91108278,Dominik Kohr,30,77 kg,183 cm,,-,GER,Bundesliga,Mainz 05,"€1,645,000 p/a",30/6/2025,"D (C), DM, M (C)",D (C),16,"1,344",90%,0.27,0.11,4.08,1,0.07,0%,0,-,-2.02,0.27,0.27,0.14,0,2.14,73%,0.67,0.2,0.2,3.68,47%,1.74,0.33,10.85,7.23,12.05,0.47,13.1km,2.95,9.84,-,-,-,-
85075621,Abdoulaye Touré,30,84 kg,188 cm,,-,GUI,Ligue 1 McDonald's,Havre AC,"€263,000 p/a",30/6/2024,"DM, M (C)",-,16,"1,154",89%,0.23,0.17,4.29,1.17,0.31,40%,0.16,-,-1.65,0.16,0.08,0.13,0,2.18,80%,0.86,0.08,0.7,5.54,51%,2.81,0.31,11.62,6.24,12.17,0.78,12.6km,2.5,10.06,-,-,-,-
48036990,Alban Lafont,25,82 kg,193 cm,,-,FRA,Ligue 1 McDonald's,FC Nantes,"€1,016,000 p/a",30/6/2026,GK,-,17,"1,530",75%,-,0,0,0,-,-,-,-,0,-,-,0,0,0,0%,5.94,0,0,-,-,-,-,4.06,8.94,0,-,5.8km,0,0,6,32,15,0.27
67246383,Aihen Muñoz,27,72 kg,175 cm,,-,ESP,LaLiga EA SPORTS,Real Sociedad,"€862,000 p/a",30/6/2026,D (L),-,20,"1,867",89%,0.05,0.04,7.23,0.96,0.14,22%,0.48,-,-0.33,0,0.1,0.02,0,2.75,76%,1.01,0.19,0.1,3.47,43%,1.49,0.48,13.55,14.85,14.03,1.01,13.0km,2.41,9.16,-,-,-,-
2000055904,Diego López,22,61 kg,172 cm,,-,ESP,LaLiga EA SPORTS,Valencia,"€689,000 p/a",30/6/2026,"M (L), AM (RL), ST (C)","M (L), ST (C)",18,"1,260",86%,0.07,0.06,3,1.36,0.14,21%,0.71,26%,3.77,0.57,0.79,0.09,0,2.5,90%,0.64,0,0,4,43%,1.71,0.07,4.29,21.36,14.36,3.14,12.8km,3.29,12.64,-,-,-,-
34011589,Wahbi Khazri,33,75 kg,182 cm,,-,TUN,Ligue 1 McDonald's,Montpellier,"€3,470,000 p/a",30/6/2024,AM (LC),-,16,"1,311",83%,-,0.23,2.13,0.89,0.41,20%,0.62,10%,-0.48,0.69,0.55,0.17,0,1.58,82%,0.76,0,0,5.42,14%,0.76,0.55,3.43,21.42,12.84,3.09,12.1km,2.13,11.81,-,-,-,-
43317758,Gianluca Gaetano,24,74 kg,183 cm,,-,ITA,Serie A enilive,Cagliari,"€190,000 p/a",30/6/2024,M/AM (C),-,21,"1,846",84%,0.2,0.14,1.61,0.98,0.29,17%,0.2,17%,1.64,0.63,0.44,0.16,0,1.02,46%,0.59,0.05,0,6.14,18%,1.12,0.24,8.68,21.4,13.99,1.9,13.0km,2.78,10.82,-,-,-,-
43193946,Youssef Maleh,26,70 kg,179 cm,,-,MAR,Serie A enilive,Empoli,"€1,300,000 p/a",30/6/2024,"DM, M/AM (C)","DM, AM (C)",20,"1,514",86%,0.18,0.26,4.28,1.9,0.59,9%,0,6%,-1.26,0.24,0.36,0.13,0,1.84,76%,1.25,0.06,0.42,4.16,34%,1.43,0.3,10.34,15.22,9.63,0.54,11.8km,2.79,10.46,-,-,-,-
27128916,Abdul Mumin,26,80 kg,188 cm,,-,GHA,LaLiga EA SPORTS,Vallecano,"€631,000 p/a",30/6/2025,D (C),-,20,"1,800",93%,0.1,0.02,5.9,0.25,-,50%,0.1,-,-0.64,0.1,0.05,0.03,1,0.8,55%,1.05,0.35,0.75,6.95,65%,4.5,0.4,14.9,3.95,4.5,0.15,11.3km,1.2,2.75,-,-,-,-
67263766,Sergio Carreira,24,67 kg,170 cm,,-,ESP,LaLiga EA SPORTS,Vigo,"€1,366,000 p/a",30/6/2028,D/WB (R),-,21,"1,848",88%,-,0.1,4.38,1.31,0.29,8%,0.54,-,-0.76,0,0,0.04,0,3.12,78%,1.02,0.15,0.05,2.63,24%,0.63,0.78,8.91,15.29,17,2.39,12.6km,3.02,12.27,-,-,-,-
43091093,Mattia Bani,31,79 kg,188 cm,,-,ITA,Serie A enilive,Genoa,"€1,300,000 p/a",30/6/2025,D (C),-,21,"1,819",91%,0.05,0.03,3.61,0.25,0.15,50%,0.05,-,-0.5,0,0.05,0.02,0,0.99,91%,0.84,0.1,0.45,7.62,71%,5.39,0.69,14.55,3.56,4.65,0.05,10.9km,0.64,2.13,-,-,-,-
49048445,Arnaud Kalimuendo,22,78 kg,175 cm,,-,FRA,Ligue 1 McDonald's,Rennes,"€1,300,000 p/a",30/6/2026,ST (C),-,17,"1,349",84%,0.07,0.13,1,0.8,0.33,0%,0,16%,1.48,1.27,0.8,0.37,0,1.53,77%,0.07,0,0.07,7.14,30%,2.13,0.07,2.67,17.55,5.8,0.67,11.3km,2.07,6.47,-,-,-,-
24052869,Ardian Ismajli,28,80 kg,185 cm,,-,ALB,Serie A enilive,Empoli,"€1,670,000 p/a",30/6/2027,D (C),-,21,"1,890",90%,-,0,4.14,0.29,0.05,33%,0.05,17%,-0.18,0.05,0,0.06,0,1.57,67%,1.38,0.38,0.76,7.19,73%,5.24,0.33,12.14,3.24,5,0.29,11.5km,1.81,3.71,-,-,-,-
67257704,Abdelkabir Abqar,25,80 kg,188 cm,,-,MAR,LaLiga EA SPORTS,Alavés,"€828,000 p/a",30/6/2026,D (RC),D (R),19,"1,710",89%,0.11,0.04,3.47,0.58,0.11,-,0,-,-0.28,0.05,0.16,0.01,0,0.89,85%,1.37,0.16,1.11,8.42,81%,6.84,0.89,13.74,3.68,5.47,0.11,11.4km,0.79,2.47,-,-,-,-
67196202,Kike Barja,27,74 kg,178 cm,,-,ESP,LaLiga EA SPORTS,CA Osasuna,"€539,000 p/a",30/6/2025,M/AM (RL),-,19,"1,450",82%,0.5,0.16,4.34,1.24,0.25,13%,0.25,11%,-0.15,0.12,0.12,0.07,0,2.79,87%,0.74,0,0.19,6.33,28%,1.8,0.37,5.4,13.97,15.33,3.85,13.3km,3.54,12.6,-,-,-,-
67213140,Kike,27,80 kg,184 cm,,-,ESP,Serie A enilive,Venezia,"€266,000 p/a",30/6/2024,M/AM (C),AM (C),17,"1,331",86%,-,0.05,3.38,1.62,0.14,15%,0.14,27%,2.28,0.54,0.14,0.05,0,1.49,73%,0.74,0.07,0.07,3.92,50%,1.96,0.27,12.04,14.27,10.55,1.15,12.5km,2.3,11.36,-,-,-,-
29071914,Jack Stephens,30,84 kg,185 cm,,-,ENG,English Premier League,Southampton,"€1,274,000 p/a",30/6/2026,"D (C), DM",DM,22,"1,907",92%,0.05,0.04,4.2,0.38,0.05,0%,0,-,-0.71,0.05,0.14,0.03,1,0.99,72%,1.27,0.14,0.52,6.28,70%,4.39,0.85,10.29,5.29,6.14,0.28,11.8km,1.04,3.96,-,-,-,-
67222737,Javi Puado,26,69 kg,179 cm,,-,ESP,LaLiga EA SPORTS,Espanyol,"€338,000 p/a",30/6/2024,"AM (RLC), ST (C)",AM (RLC),21,"1,396",84%,0.06,0.1,2.9,1.81,0.13,9%,0.26,9%,-0.3,0.97,0.64,0.21,0,2.9,85%,0.39,0.06,0,4.26,20%,0.84,0.19,3.8,21.86,13.09,2.19,11.5km,3.61,12.18,-,-,-,-
48036651,Elisha Owusu,27,72 kg,182 cm,,-,GHA,Ligue 1 McDonald's,AJ Auxerre,"€197,000 p/a",30/6/2026,"DM, M (C)",-,17,"1,465",91%,-,0.04,4.18,0.37,0.18,50%,0.12,-,-0.3,0,0.06,0.02,0,2.03,70%,0.49,0,0.31,3.93,59%,2.33,0.37,10.08,9.71,11.86,0.98,12.7km,2.46,10.14,-,-,-,-
91204520,Merlin Röhl,22,77 kg,192 cm,,-,GER,Bundesliga,SC Freiburg,"€1,382,000 p/a",30/6/2028,M (C),-,12,"1,050",88%,-,0.18,2.14,1.03,0.34,17%,0.09,6%,-0.85,0.6,0.26,0.16,0,2.06,75%,0.77,0.09,0.17,3.09,50%,1.54,0.43,10.63,17.57,12.26,1.63,12.7km,3.26,10.46,-,-,-,-
316742,Dante,41,89 kg,188 cm,,-,BRA,Ligue 1 McDonald's,OGC Nice,"€975,000 p/a",30/6/2024,D (C),-,22,"1,980",91%,0.18,0.16,4.86,0.41,0.09,0%,0,9%,-0.41,0.18,0.09,0.06,0,1.36,83%,1.09,0.27,0.91,6.45,79%,5.09,0.5,16.32,4.5,6.32,0.23,11.3km,1.09,3.36,-,-,-,-
67211739,Fernando Calero,29,71 kg,183 cm,,-,ESP,LaLiga EA SPORTS,Espanyol,"€1,476,000 p/a",30/6/2026,D (C),-,21,"1,844",91%,0.05,0.03,4.44,0.34,-,100%,0.05,50%,0.73,0.1,0.05,0.01,0,1.32,84%,1.17,0.2,0.93,6.74,69%,4.64,0.78,13.18,4.64,5.03,0.1,11.3km,1.07,3.71,-,-,-,-
19258927,Caio Henrique,27,68 kg,179 cm,,-,BRA,Ligue 1 McDonald's,AS Monaco,"€1,964,000 p/a",30/6/2026,D/WB (L),-,22,"1,954",88%,0.05,0.13,5.67,2.12,0.09,18%,0.92,-,-1.39,0.09,0.09,0.06,0,3.59,80%,1.29,0.09,0.14,2.67,52%,1.38,0.32,11.47,15.29,14.97,2.21,12.8km,3.96,13.31,-,-,-,-
27088224,Mads Pedersen,28,72 kg,174 cm,,-,DEN,Bundesliga,Augsburg,"€997,000 p/a",30/6/2026,D/WB (L),-,16,"1,383",84%,0.07,0.08,5.34,0.85,0.26,9%,0.2,-,0,-,0,0,0,3.06,89%,1.5,0.2,0.13,3.58,38%,1.37,1.04,11.91,14.77,16.98,2.21,12.4km,2.08,8.98,-,-,-,-
14078688,Franco Cervi,30,60 kg,167 cm,,-,ARG,LaLiga EA SPORTS,Vigo,"€2,493,000 p/a",30/6/2025,M/AM (L),-,18,"1,583",85%,0.17,0.07,2.16,1.42,0.23,14%,0.57,7%,-1.17,0.28,0.63,0.18,1,2.39,74%,0.97,0,0.11,5.63,11%,0.63,0.4,3.75,30.7,15.12,2.44,12.3km,3.35,13.47,-,-,-,-
62166400,Erhan Mašović,26,82 kg,189 cm,,-,SRB,Bundesliga,VfL Bochum,"€947,000 p/a",30/6/2025,"D (C), DM",DM,15,"1,341",92%,-,0.06,3.49,0.27,0.13,-,0,-,-0.22,0,0.13,0.01,0,1.21,72%,0.94,0.34,1.14,6.11,76%,4.63,0.27,16.44,3.22,6.24,0.13,12.1km,1.34,3.29,-,-,-,-
43424702,Edoardo Bove,22,68 kg,176 cm,,-,ITA,Serie A enilive,Fiorentina,"€1,550,000 p/a",30/6/2027,"DM, M (C)",-,18,"1,485",91%,-,0.09,5.27,1.03,-,17%,0.06,-,-1.68,0.18,0.3,0.1,0,2.06,83%,0.79,0.18,0,2.61,21%,0.55,0.48,11.58,6.85,12.3,1.09,12.8km,2.55,9.64,-,-,-,-
16135875,Sandi Lovrić,26,75 kg,180 cm,,-,SVN,Serie A enilive,Udinese,"€900,000 p/a",30/6/2026,"DM, M/AM (C)",DM,16,"1,291",91%,0.07,0.19,5.23,0.91,-,50%,0.21,-,-0.15,0.07,0.21,0.01,0,2.44,80%,0.84,0.14,0.14,2.79,65%,1.81,0.42,10.11,7.25,12.13,0.77,13.4km,3.07,9.2,-,-,-,-
36095783,Giorgos Masouras,31,75 kg,179 cm,,-,GRE,Bundesliga,VfL Bochum,"€1,092,000 p/a",30/6/2026,"AM (RL), ST (C)",ST (C),17,"1,375",85%,0.13,0.12,3.01,1.18,0.33,15%,0.65,8%,-0.54,0.65,0.65,0.17,0,2.81,90%,0.33,0,0,5.83,27%,1.57,0.46,4.12,23.37,15.38,2.75,12.6km,3.4,11.91,-,-,-,-
26030142,Grigoris Kastanos,26,71 kg,179 cm,,-,CYP,Serie A enilive,Hellas Verona,"€190,000 p/a",30/6/2025,M/AM (RC),M/AM (R),19,"1,676",84%,-,0.14,3.92,1.66,0.38,9%,0.11,-,-2.03,0.11,0.32,0.11,0,1.83,71%,0.97,0,0.11,3.01,29%,0.86,0.32,10.63,15.25,11.76,0.81,12.6km,2.9,11.01,-,-,-,-
16199712,Gideon Mensah,26,64 kg,178 cm,,-,GHA,Ligue 1 McDonald's,AJ Auxerre,"€350,000 p/a",30/6/2025,D (L),-,17,"1,460",85%,-,0.07,4.87,1.29,0.12,15%,0.43,-,-0.05,0.06,0,0,0,3.27,90%,1.54,0.12,0.12,3.64,63%,2.28,0.8,9.68,18.99,16.15,1.91,13.5km,2.47,9.55,-,-,-,-
49037827,Sofiane Diop,24,65 kg,175 cm,,-,MAR,Ligue 1 McDonald's,OGC Nice,"€1,040,000 p/a",30/6/2025,"M (RL), AM (RLC)","M (R), AM (RC)",22,"1,601",87%,-,0.07,2.25,1.12,0.22,7%,0,20%,3.82,1.18,0.9,0.23,0,1.29,59%,0.67,0.06,0,4.16,35%,1.46,0.28,9.16,18.27,13.04,2.14,13.2km,3.43,11.58,-,-,-,-
62215974,Jaka Bijol,25,85 kg,190 cm,,-,SVN,Serie A enilive,Udinese,"€1,030,000 p/a",30/6/2026,D (C),-,19,"1,710",92%,-,0.02,4.42,0.26,0.11,0%,0,33%,1.32,0.11,0.05,0.04,0,1.37,72%,1.37,0.42,0.42,6.53,81%,5.26,0.47,13.37,3.42,6.42,0.05,11.5km,1.37,3.32,-,-,-,-
63029157,Dominik Greif,27,82 kg,197 cm,,-,SVK,LaLiga EA SPORTS,Mallorca,"€368,000 p/a",30/6/2024,GK,-,20,"1,774",76%,-,0,0,0.05,-,-,-,-,0,-,-,0,0,0.05,33%,4.41,0,0,-,-,-,-,3.55,8.22,0,-,6.0km,0,0,11,43,17,-0.27
37065498,Zakaria Aboukhlal,24,73 kg,179 cm,,-,MAR,Ligue 1 McDonald's,Toulouse FC,"€344,000 p/a",30/6/2025,"AM (RL), ST (C)",-,17,"1,402",83%,0.06,0.1,2.12,1.09,0.32,19%,0.51,6%,-2.05,0.58,0.9,0.26,0,2.12,85%,0.71,0.06,0,4.69,41%,1.93,0.58,3.66,21.18,15.66,2.5,12.5km,2.82,13.16,-,-,-,-
43424893,Lorenzo Colombo,22,74 kg,183 cm,,-,ITA,Serie A enilive,Empoli,"€560,000 p/a",30/6/2024,"AM (R), ST (C)",AM (R),19,"1,408",86%,-,0.09,1.41,1.09,0.13,22%,0.32,8%,0.32,1.28,1.21,0.17,0,1.92,88%,0.32,0,0.32,7.35,42%,3.07,0.06,1.85,15.66,8.57,1.28,12.3km,2.3,7.8,-,-,-,-
85057778,Hassane Kamara,30,67 kg,168 cm,,-,CIV,Serie A enilive,Udinese,"€1,150,000 p/a",30/6/2025,D/WB/M/AM (L),M/AM (L),18,"1,343",88%,0.13,0.12,2.41,1.41,0.07,7%,0.27,13%,0.52,0.8,0.47,0.11,0,2.35,70%,0.94,0.07,0.07,5.76,33%,1.88,0.6,6.1,22.25,15.35,2.75,12.1km,3.48,13.4,-,-,-,-
14196664,Leonardo Balerdi,25,76 kg,187 cm,,-,ARG,Ligue 1 McDonald's,Marseille,"€1,495,000 p/a",30/6/2027,D (C),-,17,"1,530",93%,0.18,0.02,4.06,0.35,0.06,-,0,-,0,-,0,0,0,0.82,58%,0.94,0.35,0.71,6.71,82%,5.47,0.71,15.41,2.94,4.82,-,11.4km,0.76,2.59,-,-,-,-
43426109,Mattia Viti,22,73 kg,190 cm,,-,ITA,Serie A enilive,Empoli,"€202,000 p/a",30/6/2024,D (C),-,17,"1,417",90%,-,0.01,4.45,0.25,-,0%,0,-,-0.17,0,0.06,0.01,0,1.84,81%,1.84,0.38,1.08,7.05,64%,4.51,0.51,13.02,3.37,6.35,0.06,11.4km,1.65,3.68,-,-,-,-
67093485,Gonzalo Verdú,36,79 kg,185 cm,,-,ESP,Ligue 1 McDonald's,ASSE,"€341,000 p/a",30/6/2024,"D (C), DM",DM,16,"1,307",94%,-,0.09,3.93,0.14,0.21,-,0,-,-1.15,0.21,0.07,0.08,0,1.31,90%,1.24,0.34,1.1,7.64,67%,5.1,0.48,11.29,4.13,5.23,-,11.3km,1.24,3.24,-,-,-,-
67271151,Valery,25,75 kg,179 cm,,-,ESP,LaLiga EA SPORTS,Mallorca,"€319,000 p/a",30/6/2025,"D (L), WB/M/AM (RL)","D (L), WB/M/AM (R)",21,"1,466",85%,0.12,0.15,2.03,1.41,0.18,7%,0.25,3%,-1.66,0.68,0.68,0.16,0,1.84,86%,0.8,0,0.18,5.65,17%,0.98,0.31,3.81,22.1,15.59,2.21,12.6km,2.39,12.34,-,-,-,-
27132198,Morten Frendrup,23,71 kg,178 cm,,-,DEN,Serie A enilive,Genoa,"€510,000 p/a",30/6/2027,"DM, M (C)",DM,21,"1,812",90%,0.15,0.29,3.63,1.19,0.6,23%,0.25,-,-1.51,0.25,0.25,0.07,0,2.09,91%,0.5,0.05,0.05,2.78,32%,0.89,0.2,14.8,10.23,13.56,0.99,12.9km,2.48,11.77,-,-,-,-
29136230,Ryan Yates,27,96 kg,190 cm,,-,ENG,English Premier League,Nott'm Forest,"€1,516,000 p/a",30/6/2027,"DM, M (C)",-,20,"1,578",89%,-,0.13,5.3,1.25,0.11,29%,0.11,25%,0.45,0.11,0,0.03,0,2.62,77%,0.86,0.34,0.46,4.68,65%,3.02,0.46,10.15,8.5,12.09,0.57,13.2km,3.02,9.64,-,-,-,-
67277835,Beñat Prados,23,67 kg,180 cm,,-,ESP,LaLiga EA SPORTS,Athletic Bilbao,"€182,000 p/a",30/6/2030,"DM, M (C)",-,25,"1,877",88%,0.48,0.39,4.94,1.34,0.43,9%,0.05,-,-0.84,0.14,0.19,0.04,0,2.25,76%,1.01,0.05,0.34,3.79,54%,2.06,0.24,12.18,5.95,12.23,0.86,13.0km,2.83,9.83,-,-,-,-
2000087400,Dário Essugo,19,78 kg,180 cm,,-,POR,LaLiga EA SPORTS,Las Palmas,"€412,000 p/a",30/6/2026,"DM, M (C)",-,18,"1,549",92%,0.12,0.19,5.75,1.57,0.46,40%,0.12,-,-1.29,0.06,0.06,0.07,0,2.27,76%,0.87,0.12,0.35,3.66,49%,1.8,0.35,11.56,8.54,11.56,0.52,13.3km,2.96,9.76,-,-,-,-
91105813,Robin Zentner,30,96 kg,194 cm,,-,GER,Bundesliga,Mainz 05,"€1,398,000 p/a",30/6/2027,GK,-,16,"1,344",57%,-,0,0,0,-,-,-,-,0,-,-,0,1,0,0%,6.56,0,0,-,-,-,-,2.41,10.51,0,-,5.4km,0,0,12,24,14,-0.09
70138807,Youssouf Ndayishimiye,26,78 kg,187 cm,,-,BDI,Ligue 1 McDonald's,OGC Nice,"€465,000 p/a",30/6/2026,"D (C), DM",-,20,"1,778",94%,0.15,0.13,4.56,0.35,0.15,0%,0,7%,-0.53,0.1,0.35,0.08,0,1.06,84%,0.91,0.05,0.61,5.47,72%,3.95,0.61,14.27,3.49,6.78,0.46,11.5km,0.86,2.99,-,-,-,-
67224139,Edu Expósito,28,75 kg,179 cm,,-,ESP,LaLiga EA SPORTS,Espanyol,"€1,774,000 p/a",30/6/2027,M (C),-,21,"1,572",86%,0.06,0.1,2.98,0.86,0.17,29%,0.29,11%,0.3,0.34,0.34,0.1,0,2.29,77%,0.57,0.17,0.06,3.09,43%,1.32,0.17,10.42,13.05,10.88,1.15,12.6km,3.38,11.56,-,-,-,-
91195878,Luca Netz,21,83 kg,184 cm,,-,GER,Bundesliga,Gladbach,"€1,795,000 p/a",30/6/2028,D/WB (L),-,18,"1,587",89%,-,0.07,5.05,0.62,0.06,11%,0.28,67%,1.69,0.11,0.11,0.02,0,1.93,74%,1.36,0.06,0.11,3.57,52%,1.87,1.13,10.43,15.88,14.8,1.98,12.7km,1.81,8.62,-,-,-,-
43112998,Emmanuel Gyasi,30,74 kg,182 cm,,-,GHA,Serie A enilive,Empoli,"€1,300,000 p/a",30/6/2024,"AM (RL), ST (C)",AM (R),21,"1,634",87%,0.06,0.07,2.04,1.1,0.17,20%,0.66,18%,0.96,0.5,0.44,0.11,0,1.71,72%,0.99,0,0,5.45,40%,2.2,0.33,3.75,19.28,14.76,2.86,12.4km,2.75,13.05,-,-,-,-
28011401,Adam Smith,33,79 kg,180 cm,,-,ENG,English Premier League,Bournemouth,"€1,819,000 p/a",30/6/2025,D/WB (RL),WB (L),17,"1,484",87%,0.06,0.09,4.85,0.42,0.06,6%,0.12,-,-0.81,0.24,0.18,0.05,0,2.73,73%,1.39,0.12,0.18,3.94,62%,2.43,0.42,10.13,15.28,18.38,1.7,13.1km,3.09,11.52,-,-,-,-
2000218258,Álvaro Rodríguez,20,86 kg,193 cm,,-,URU,LaLiga EA SPORTS,Getafe,"€252,000 p/a",30/6/2026,"AM (L), ST (C)",AM (L),12,"1,096",87%,0.08,0.07,0.49,0.41,-,67%,0.33,14%,0.76,1.4,1.31,0.35,0,0.99,86%,0.33,0,0,9.28,39%,3.61,0.33,1.56,14.53,6.41,1.15,11.3km,1.15,7.39,-,-,-,-
67279753,Ilaix Moriba,21,73 kg,185 cm,,-,GUI,LaLiga EA SPORTS,Vigo,"€4,288,000 p/a",30/6/2027,"DM, M (C)",DM,14,"1,293",90%,-,0.13,6.19,0.9,0.21,0%,0,14%,-0.47,0.07,0.07,0.1,0,1.46,75%,0.63,0,0.14,3.13,40%,1.25,0.56,8.49,10.23,11.35,0.77,12.9km,1.88,9.47,-,-,-,-
91188349,Noah Atubolu,22,96 kg,190 cm,,-,GER,Bundesliga,SC Freiburg,"€1,247,000 p/a",30/6/2026,GK,-,16,"1,427",74%,-,0,0,0,-,-,-,-,0,-,-,0,0,0.06,33%,6.24,0,0,-,-,-,-,3.47,10.47,0,-,5.7km,0,0,12,29,7,0.17
85075725,Gaëtan Laborde,30,78 kg,181 cm,,-,FRA,Ligue 1 McDonald's,OGC Nice,"€2,128,000 p/a",30/6/2025,"AM (R), ST (C)",-,21,"1,674",81%,0.16,0.09,1.02,1.02,0.05,20%,0.05,14%,3.02,1.94,1.02,0.38,0,1.34,81%,0.32,0.05,0.22,10.16,56%,5.65,0.11,1.88,16.99,8.01,0.7,12.1km,1.72,7.85,-,-,-,-
67245889,Álex Suárez,31,70 kg,180 cm,,-,ESP,LaLiga EA SPORTS,Las Palmas,"€214,000 p/a",30/6/2025,D (RC),-,18,"1,620",89%,0.06,0.05,4.61,0.72,0.06,6%,0.06,-,-0.49,0,0.11,0.03,0,1.17,78%,1.78,0.33,0.61,6.67,79%,5.28,0.56,11.06,9.61,8.28,0.22,11.1km,1.11,4.28,-,-,-,-
67245476,Álvaro Aguado,28,66 kg,174 cm,,-,ESP,LaLiga EA SPORTS,Espanyol,"€1,336,000 p/a",30/6/2027,"DM, M/AM (C)","DM, AM (C)",20,"1,621",89%,0.22,0.18,3.83,1.33,0.28,24%,0.22,-,-1.58,0.39,0.39,0.09,1,2.67,83%,0.28,0.06,0,2.5,18%,0.44,0.22,9.55,17.82,12.88,0.94,12.9km,3.55,11.71,-,-,-,-
43298002,Marco Carnesecchi,24,83 kg,191 cm,,-,ITA,Serie A enilive,Atalanta,"€190,000 p/a",30/6/2027,GK,-,24,"2,190",77%,-,0,0,0,-,-,-,-,0,-,-,0,0,0,0%,0.82,0,0,-,-,-,-,2.51,11.18,0,-,6.8km,0,0,9,36,16,-0.05
67216745,Javi Sánchez,27,76 kg,189 cm,,-,ESP,LaLiga EA SPORTS,Valladolid,"€1,508,000 p/a",30/6/2027,D (C),-,14,"1,046",96%,-,0.05,5.16,0.6,0.17,0%,0,33%,0.55,0.09,0,0.04,0,1.12,68%,1.03,0.34,0.6,6.54,72%,4.73,0.6,11.62,4.13,5.94,0.17,11.5km,1.38,3.1,-,-,-,-
92065574,Patrick Mainka,30,86 kg,194 cm,,-,GER,Bundesliga,Heidenheim,"€848,000 p/a",30/6/2026,D (C),-,25,"2,310",93%,-,0.03,3.08,0.19,0.12,0%,0,6%,-0.91,0.08,0.23,0.07,0,1.21,86%,1.29,0.19,1.32,7.4,82%,6.08,0.43,15.47,3.12,5.26,0.23,11.1km,0.94,2.73,-,-,-,-
28101903,Reece Oxford,26,86 kg,193 cm,,-,ENG,Bundesliga,Augsburg,"€1,296,000 p/a",30/6/2024,"D (C), DM",DM,14,"1,243",92%,0.22,0.06,4.49,0.51,0.22,0%,0,-,-1,0,0.14,0.07,0,1.01,78%,1.81,0.29,0.51,7.75,86%,6.66,0.65,14.05,3.48,4.56,0.07,11.0km,0.94,3.26,-,-,-,-
2000096330,Alejo Veliz,21,77 kg,187 cm,,-,ARG,LaLiga EA SPORTS,Espanyol,"€1,819,000 p/a",30/6/2024,ST (C),-,21,"1,777",85%,-,0.07,0.71,0.56,0.25,17%,0.1,14%,0.55,1.27,0.76,0.29,0,0.96,56%,0.35,0,0.15,7.7,34%,2.63,0.1,1.72,21.32,6.13,0.51,11.5km,1.82,6.48,-,-,-,-
92084880,Maxim Leitsch,26,75 kg,188 cm,,-,GER,Bundesliga,Mainz 05,"€997,000 p/a",30/6/2025,D (C),-,17,"1,455",93%,-,0.11,4.27,0.43,0.06,0%,0,-,-0.15,0.06,0,0.01,0,1.36,96%,1.3,0.43,0.8,8.16,65%,5.32,0.49,13.36,4.14,5.51,0.19,11.7km,1.3,3.15,-,-,-,-
211515,Baptiste Santamaria,29,81 kg,183 cm,,-,FRA,Ligue 1 McDonald's,OGC Nice,"€780,000 p/a",30/6/2025,"DM, M (C)",-,21,"1,843",90%,0.05,0.19,5.86,0.83,0.24,20%,0.05,5%,-0.62,0.15,0.39,0.08,0,2.05,69%,0.34,0.15,0.05,2.39,35%,0.83,0.34,11.13,7.33,12.11,0.93,12.9km,3.08,10.16,-,-,-,-
13139098,Moses Simon,29,66 kg,168 cm,,-,NGA,Ligue 1 McDonald's,FC Nantes,"€1,794,000 p/a",30/6/2025,"M (L), AM (RL)",M (L),17,"1,263",81%,0.29,0.27,2.71,1.43,0.29,8%,0.21,11%,0.81,0.71,0.57,0.16,0,3.56,89%,0.64,0,0,2.99,14%,0.43,0.21,5.06,21.45,15.32,3.14,12.9km,4.06,12.04,-,-,-,-
80000968,Cristian Gamboa,35,67 kg,175 cm,,-,CRC,Bundesliga,VfL Bochum,"€748,000 p/a",30/6/2024,D/WB (R),-,15,"1,289",85%,0.07,0.03,4.61,0.84,0.07,10%,0.14,11%,0.14,0.14,0.28,0.06,0,2.44,76%,1.4,0.21,0.21,4.68,52%,2.44,0.84,8.87,18.78,18.78,1.61,13.2km,2.3,7.05,-,-,-,-
92021650,Anthony Jung,33,83 kg,186 cm,,-,GER,Bundesliga,SV Werder,"€897,000 p/a",30/6/2024,"D (LC), WB (L)",-,15,"1,345",85%,0.13,0.09,3.14,1.2,0.13,19%,1.2,-,-0.13,0.07,0.07,0.01,0,3.01,82%,0.8,0.13,0.54,5.02,65%,3.28,0.27,10.37,14.32,14.86,1.27,12.5km,2.61,12.78,-,-,-,-
91190768,Noah Weißhaupt,23,72 kg,181 cm,,-,GER,Bundesliga,St. Pauli,"€798,000 p/a",30/6/2026,"WB/M (L), AM (RL)",AM (R),17,"1,401",78%,0.19,0.15,3.02,1.22,0.45,22%,0.77,-,-0.95,0.19,0.26,0.06,0,3.15,80%,0.71,0,0.06,5.07,18%,0.9,0.39,4.11,14.39,15.61,2.44,12.7km,4.5,11.18,-,-,-,-
84161623,Aurèle Amenda,21,90 kg,197 cm,,-,SUI,Bundesliga,Eintracht Frankfurt,"€1,197,000 p/a",30/6/2028,D (C),-,9,"1,013",87%,0.09,0.04,4.62,0.36,0.09,0%,0,14%,0.53,0.27,0.27,0.04,0,1.42,80%,1.69,0.27,0.89,7.55,65%,4.89,0.71,11.82,4,5.06,-,11.6km,1.24,3.82,-,-,-,-
67271025,Adrián Bernabé,23,71 kg,170 cm,,-,ESP,Serie A enilive,Parma,"€1,222,000 p/a",30/6/2028,"DM, M/AM (C)",AM (C),21,"1,664",89%,0.05,0.31,5.19,0.81,0.11,17%,0.05,7%,-0.16,0.32,0.11,0.06,0,2.33,74%,0.38,0.16,0,2.22,24%,0.54,0.49,10.33,7.79,11.25,1.03,12.5km,2.97,10.06,-,-,-,-
43274094,Samuele Birindelli,25,68 kg,176 cm,,-,ITA,Serie A enilive,Monza,"€830,000 p/a",30/6/2025,D/WB (R),-,19,"1,620",88%,0.17,0.08,6.06,0.72,0.17,16%,0.33,-,-1.39,0.17,0.11,0.08,0,2.83,76%,0.89,0.22,0.11,3.78,51%,1.94,0.67,11.5,12.33,15.17,1.78,12.8km,3.06,9,-,-,-,-
67198216,Jorge Sáenz,28,75 kg,192 cm,,-,ESP,LaLiga EA SPORTS,Leganés,"€193,000 p/a",30/6/2024,D (C),-,21,"1,834",90%,0.05,0.01,3.83,0.2,-,100%,0.1,-,-1.14,0.05,0.15,0.06,0,1.13,85%,1.08,0.25,1.03,6.67,73%,4.86,0.54,9.27,4.96,5.05,0.2,11.2km,1.13,2.4,-,-,-,-
15069939,Connor Metcalfe,25,70 kg,183 cm,,-,AUS,Bundesliga,St. Pauli,"€399,000 p/a",30/6/2024,"DM, M (C)",-,18,"1,463",89%,0.12,0.06,2.46,1.23,0.18,14%,0.18,10%,0.35,0.18,0.31,0.04,0,2.71,86%,0.92,0.06,0.12,3.2,29%,0.92,0.25,9.84,15.44,11.07,0.86,12.4km,3.26,10.46,-,-,-,-
43390940,Alessandro Zanoli,24,81 kg,188 cm,,-,ITA,Serie A enilive,Genoa,"€740,000 p/a",30/6/2024,D/WB (R),WB (R),20,"1,700",85%,0.11,0.03,5.24,0.9,-,15%,0.32,-,-1.75,0.05,0.05,0.09,0,2.17,79%,1.11,0.16,0.58,6.72,65%,4.39,0.85,9.9,15.78,15.99,1.22,12.4km,1.96,7.46,-,-,-,-
43124226,Lorenzo Montipò,28,82 kg,191 cm,,-,ITA,Serie A enilive,Hellas Verona,"€1,435,000 p/a",30/6/2027,GK,-,19,"1,694",71%,-,0,0,0,-,-,-,-,0,-,-,0,1,0,0%,0.74,0,0,-,-,-,-,3.56,9.14,0,-,6.3km,0,0,9,32,20,-0.16
49039276,Tanguy Coulibaly,23,75 kg,178 cm,,-,CIV,Ligue 1 McDonald's,Montpellier,"€204,000 p/a",30/6/2024,M/AM (RL),M (RL),15,"1,057",84%,0.09,0.25,2.55,1.45,0.68,20%,0.68,11%,0.49,0.6,0.6,0.13,0,1.79,88%,1.45,0,0,4.85,35%,1.7,0.34,4.17,21.54,14.13,3.83,12.4km,2.64,12.26,-,-,-,-
24054803,Domagoj Bradarić,25,69 kg,178 cm,,-,CRO,Serie A enilive,Hellas Verona,"€1,280,000 p/a",30/6/2025,D/WB (L),-,18,"1,490",89%,0.06,0.09,6.52,0.48,0.12,14%,0.12,-,0,-,0,0,1,3.2,83%,0.79,0.06,0.18,3.2,40%,1.27,0.72,10.21,14.5,14.98,2.11,13.1km,2.84,9.91,-,-,-,-
67279603,Carlos Domínguez,23,82 kg,187 cm,,-,ESP,LaLiga EA SPORTS,Vigo,"€182,000 p/a",30/6/2025,D (C),-,20,"1,712",92%,0.11,0.05,4.15,0.26,0.05,17%,0.05,-,-0.32,0,0.11,0.02,0,1.05,65%,1.63,0.42,1.37,8.2,72%,5.94,0.63,11.67,4.47,5.05,0.11,11.1km,1.31,3.42,-,-,-,-
24055490,Jakov Medić,26,91 kg,193 cm,,-,CRO,Bundesliga,VfL Bochum,"€364,000 p/a",30/6/2027,D (C),-,15,"1,308",93%,-,0.02,4.33,0.28,0.07,50%,0.07,-,-0.39,0.07,0.07,0.03,0,1.1,84%,0.96,0.21,0.89,7.29,59%,4.33,0.41,13.83,3.58,5.3,0.34,11.6km,1.1,3.17,-,-,-,-
13173388,Meschack Elia,27,67 kg,173 cm,,-,COD,Ligue 1 McDonald's,FC Nantes,"€815,000 p/a",30/6/2025,"AM (R), ST (C)",-,16,"1,245",84%,0.07,0.08,2.53,1.3,0.22,14%,0.36,12%,-1.16,0.8,0.51,0.37,0,2.1,73%,0.51,0,0,4.41,11%,0.51,0.07,3.47,19.37,14.31,3.33,12.9km,3.54,11.57,-,-,-,-
21024436,Nikola Vasilj,29,86 kg,193 cm,,-,BIH,Bundesliga,St. Pauli,"€648,000 p/a",30/6/2025,GK,-,18,"1,611",78%,-,0,0,0,-,-,-,-,0,-,-,0,0,0,0%,6.15,0,0,-,-,-,-,2.96,8.16,0,-,6.0km,0,0,12,36,15,0.3
2000058425,Joan González,22,83 kg,190 cm,,-,ESP,Serie A enilive,Lecce,"€640,000 p/a",30/6/2026,"DM, M (C)",DM,20,"1,597",89%,0.06,0.08,3.49,1.24,0.06,20%,0.11,-,-0.96,0.28,0.39,0.05,0,1.63,57%,0.68,0.06,0.28,3.83,57%,2.2,0.34,9.3,13.58,10.43,1.07,12.0km,3.38,11.67,-,-,-,-
67144038,Brian Oliván,30,73 kg,177 cm,,-,ESP,LaLiga EA SPORTS,Espanyol,"€986,000 p/a",30/6/2026,D/WB (L),-,21,"1,890",85%,0.05,0.14,5.62,0.76,0.19,15%,0.33,-,-0.34,0.05,0,0.02,0,2.43,81%,0.76,0.1,0.19,4.86,40%,1.95,0.52,8.95,18.71,15.48,1.57,12.7km,2,9.48,-,-,-,-
85010865,Dennis Appiah,32,68 kg,179 cm,,-,FRA,Ligue 1 McDonald's,ASSE,"€645,000 p/a",30/6/2024,"D (RC), WB (R)","D (C), WB (R)",16,"1,329",87%,-,0.07,5.96,0.68,0.07,8%,0.14,9%,-0.18,0.07,0.2,0.08,0,1.9,80%,0.81,0.2,0.2,4.74,60%,2.84,0.88,9.28,18.15,12.66,1.56,11.7km,2.17,7.58,-,-,-,-
48044279,Lilian Brassier,25,78 kg,184 cm,,-,FRA,Ligue 1 McDonald's,Rennes,"€370,000 p/a",30/6/2025,D (C),-,17,"1,530",93%,0.06,0.04,5,0.41,0.12,25%,0.12,10%,-0.15,0.06,0.18,0.07,0,0.88,58%,1,0.53,0.59,5.65,78%,4.41,0.41,18.18,3.18,5.18,0.35,11.6km,1.29,3,-,-,-,-
14185196,Lautaro Valenti,25,76 kg,188 cm,,-,ARG,Serie A enilive,Parma,"€760,000 p/a",30/6/2026,D (C),-,14,"1,254",92%,-,0.02,4.02,0.14,-,33%,0.07,-,-0.11,0,0.14,0.01,0,1.65,70%,1.22,0.43,1.22,7.46,67%,5.02,0.14,11.34,4.23,6.39,0.29,11.7km,1.65,4.38,-,-,-,-
92092364,Lennard Maloney,25,89 kg,188 cm,,-,USA,Bundesliga,Mainz 05,"€449,000 p/a",30/6/2024,"D (C), DM",-,14,"1,247",89%,0.07,0.26,3.83,0.29,0.43,0%,0,11%,0.03,0.07,0.14,0.07,0,2.81,75%,0.43,0,0.51,4.76,64%,3.03,0.65,10.1,8.01,12.7,0.72,13.2km,3.18,10.47,-,-,-,-
49048357,Lucas Chevalier,23,84 kg,189 cm,,-,FRA,Ligue 1 McDonald's,Lille,"€428,000 p/a",30/6/2026,GK,-,26,"2,370",83%,-,0,0,0,-,-,-,-,0,-,-,0,4,0.08,29%,1.37,0,0,-,-,-,-,4.37,7.25,0,-,6.1km,0,0,8,43,18,0.05
37053569,Kingsley Ehizibue,29,83 kg,189 cm,,-,NGA,Serie A enilive,Udinese,"€900,000 p/a",30/6/2025,D/WB (R),-,16,"1,363",85%,-,0.02,3.76,1.06,-,13%,0.53,-,-0.28,0,0,0.02,0,2.25,79%,1.25,0.07,0.26,4.29,52%,2.25,0.73,7.26,19.41,16.84,2.77,12.8km,2.25,11.75,-,-,-,-
91132290,Benedikt Gimber,27,85 kg,187 cm,,-,GER,Bundesliga,Heidenheim,"€865,000 p/a",30/6/2027,"D (C), DM, M (C)",M (C),16,"1,303",89%,0.21,0.15,4.28,0.9,0.07,0%,0,-,-0.44,0.07,0,0.03,0,1.86,84%,0.83,0.28,0.35,5.25,72%,3.8,0.62,14.37,5.66,9.19,0.28,11.7km,1.86,7.6,-,-,-,-
36081836,Manolis Saliakas,28,74 kg,177 cm,,-,GRE,Bundesliga,St. Pauli,"€499,000 p/a",30/6/2025,D/WB (R),-,16,"1,376",90%,0.13,0.15,6.34,0.33,0.33,18%,0.26,-,-1.69,0.07,0.26,0.11,0,2.09,73%,0.98,0.07,0.07,3.73,54%,2.03,0.39,10.79,13.67,18.12,1.77,12.4km,2.09,8.7,-,-,-,-
95040947,Oladapo Afolayan,27,71 kg,180 cm,,-,ENG,Bundesliga,St. Pauli,"€499,000 p/a",30/6/2025,"M (R), AM (RLC)","M (R), AM (C)",19,"1,463",83%,0.06,0.1,3.01,0.98,0.31,10%,0.55,20%,2.17,0.55,0.37,0.11,0,2.34,86%,1.17,0,0,5.72,22%,1.23,0.8,4.37,15.07,14.33,3.08,12.9km,3.44,11.75,-,-,-,-
49037825,Warmed Omari,24,73 kg,185 cm,,-,FRA,Ligue 1 McDonald's,Lyon,"€448,000 p/a",30/6/2026,D (C),-,12,"1,150",94%,0.08,0.15,4.77,0.7,0.08,17%,0.08,-,-0.44,0.08,0.23,0.03,0,1.49,70%,0.86,0.23,0.7,4.93,70%,3.44,0.23,18.55,4.38,8.06,0.39,12.2km,1.49,5.4,-,-,-,-
91138645,Jonas Föhrenbach,28,81 kg,184 cm,,-,GER,Bundesliga,Heidenheim,"€698,000 p/a",30/6/2026,D/WB (L),-,24,"2,115",88%,0.13,0.14,4.94,1.19,0.38,4%,0.09,-,-0.18,0,0.04,0.01,0,2.68,72%,1.45,0.26,0.43,5.49,60%,3.28,0.94,10.51,14,18.3,0.81,13.6km,2.55,9.53,-,-,-,-
85068487,Jean-Charles Castelletto,29,76 kg,185 cm,,-,CMR,Ligue 1 McDonald's,FC Nantes,"€1,213,000 p/a",30/6/2027,D (C),-,17,"1,530",94%,-,0.03,3.29,0.24,0.12,0%,0,-,-0.69,0.24,0.24,0.04,0,0.88,75%,1.59,0.12,0.88,9.18,73%,6.71,1,14.76,3.29,5.76,-,11.2km,0.76,3.06,-,-,-,-
43372280,Roberto Piccoli,23,84 kg,190 cm,,-,ITA,Serie A enilive,Cagliari,"€560,000 p/a",30/6/2024,"AM (C), ST (C)",AM (C),18,"1,523",87%,0.06,0.03,0.65,0.53,-,11%,0.06,9%,-0.08,2.01,1.3,0.3,0,1.24,91%,0.41,0,0.06,9.1,56%,5.14,0.12,1.71,21.86,6.56,1.06,12.0km,1.42,7.8,-,-,-,-
43378804,Stefano Turati,23,85 kg,188 cm,,-,ITA,Serie A enilive,Monza,"€1,060,000 p/a",30/6/2026,GK,-,18,"1,563",76%,-,0,0,0,-,-,-,-,0,-,-,0,1,0.12,67%,1.38,0,0,-,-,-,-,3.05,7.08,0,-,6.5km,0,0,8,37,18,0.59
48044237,Hugo Magnetti,26,74 kg,172 cm,,-,FRA,Ligue 1 McDonald's,Brest,"€352,000 p/a",30/6/2026,"DM, M (C)",-,22,"1,857",83%,0.1,0.11,3.49,1.16,0.34,29%,0.24,13%,0.17,0.29,0.19,0.09,0,2.42,76%,1.11,0.05,0.05,3.49,39%,1.36,0.53,11,14.98,10.71,0.92,12.2km,3.2,11.49,-,-,-,-
14185869,Facundo Medina,25,78 kg,184 cm,,-,ARG,Ligue 1 McDonald's,RC Lens,"€627,000 p/a",30/6/2027,D (C),-,24,"2,095",94%,0.04,0.04,4.12,0.39,0.09,0%,0,-,-2.14,0.04,0.21,0.09,0,1.12,90%,1.25,0.43,0.3,4.85,56%,2.71,0.82,17.87,2.32,5.8,0.09,11.5km,0.95,2.75,-,-,-,-
14059327,Augusto Batalla,28,86 kg,185 cm,,-,ARG,LaLiga EA SPORTS,Vallecano,"€352,000 p/a",31/12/2024,GK,-,19,"1,680",70%,-,0,0,0,-,-,-,-,0,-,-,0,0,0,0%,5.89,0,0,-,-,-,-,3,11.41,0,-,6.6km,0,0,4,32,13,0
19363237,Welington,23,70 kg,175 cm,,-,BRA,English Premier League,Southampton,"€1,893,000 p/a",31/12/2024,D/WB (L),WB (L),16,"1,415",82%,0.06,0.09,4.13,1.14,0.13,15%,0.83,-,-0.09,0,0,0.01,0,2.99,72%,1.08,0,0.19,2.8,50%,1.4,0.51,8.2,18.32,15.27,2.61,13.4km,3.69,14.25,-,-,-,-
85139266,Brendan Chardonnet,30,80 kg,183 cm,,-,FRA,Ligue 1 McDonald's,Brest,"€352,000 p/a",30/6/2024,D (C),-,20,"1,700",89%,-,0.03,3.18,0,-,100%,0.05,-,-0.81,0,0,0.04,0,1.27,75%,1.01,0.11,1.27,7.09,80%,5.66,0.53,12.49,3.23,5.08,0.21,11.1km,1.16,3.97,-,-,-,-
43461908,Adam Obert,22,80 kg,186 cm,,-,SVK,Serie A enilive,Cagliari,"€390,000 p/a",30/6/2026,D (LC),D (L),10,"1,018",91%,-,0.03,3.62,0.18,-,0%,0,-,-0.31,0,0,0.03,0,1.33,60%,1.15,0.35,1.06,8.4,72%,6.01,0.44,14.41,3.98,4.95,0.18,11.0km,1.41,4.42,-,-,-,-
43424754,Matteo Cancellieri,22,79 kg,180 cm,,-,ITA,Serie A enilive,Parma,"€1,850,000 p/a",30/6/2024,"M (R), AM (RC), ST (C)","AM (C), ST (C)",19,"1,438",86%,0.19,0.13,1.82,0.94,0.19,19%,0.31,17%,-0.66,0.44,0.25,0.23,0,1.63,81%,0.44,0.06,0,4.44,21%,0.94,0.13,6.51,19.15,13.27,1.25,14.0km,2.69,10.95,-,-,-,-
91146693,Patrick Erras,29,85 kg,196 cm,,-,GER,Bundesliga,Kiel,"€399,000 p/a",30/6/2025,"D (C), DM",-,16,"1,216",93%,0.07,0.1,4,0.52,0.15,50%,0.07,-,-0.41,0.07,0.15,0.03,0,1.48,74%,1.26,0.15,0.89,6.44,70%,4.51,0.96,11.84,5.55,7.11,0.22,11.4km,1.85,5.48,-,-,-,-
67185037,Pedro Chirivella,27,66 kg,178 cm,,-,ESP,Ligue 1 McDonald's,FC Nantes,"€364,000 p/a",30/6/2025,"DM, M (C)",-,14,"1,082",89%,-,0.15,4.82,1.08,0.17,0%,0,-,-1.21,0.17,0.33,0.1,0,2.41,78%,1,0.08,0.17,3.33,40%,1.33,0.5,11.65,7.65,11.15,1.08,13.0km,3.49,8.9,-,-,-,-
85051366,Kenny Lala,33,78 kg,178 cm,,-,FRA,Ligue 1 McDonald's,Brest,"€315,000 p/a",30/6/2024,D/WB (R),-,20,"1,688",86%,-,0.07,4.91,0.43,0.11,16%,0.32,-,-0.6,0.11,0.05,0.03,0,2.61,79%,1.39,0.16,0.21,5.92,54%,3.2,0.69,11.36,15.73,16.9,1.87,12.1km,2.45,8.1,-,-,-,-
2000094715,Guillaume Restes,19,82 kg,187 cm,,-,FRA,Ligue 1 McDonald's,Toulouse FC,"€326,000 p/a",30/6/2027,GK,-,17,"1,530",73%,-,0,0,0.06,-,-,-,-,0,-,-,0,2,0.06,33%,6.88,0,0,-,-,-,-,3,8.47,0,-,5.2km,0,0,12,35,13,-0.12
2000017415,Alessandro Circati,21,84 kg,190 cm,,-,AUS,Serie A enilive,Parma,"€105,000 p/a",30/6/2026,D (C),-,17,"1,611",88%,0.06,0.02,4.41,0.5,-,0%,0,-,-0.61,0,0.17,0.03,0,1.28,64%,1.17,0.5,0.39,7.82,62%,4.86,0.5,12.68,3.52,5.92,0.22,11.8km,1.45,3.69,-,-,-,-
43425834,Matteo Ruggeri,22,79 kg,179 cm,,-,ITA,Serie A enilive,Atalanta,"€170,000 p/a",30/6/2027,D/WB (L),-,24,"2,009",88%,0.13,0.07,3.54,1.08,0.04,12%,0.76,-,-0.42,0.04,0,0.02,0,2.87,80%,0.99,0.04,0.18,4.21,41%,1.75,0.58,10.08,14.78,16.44,1.84,12.6km,3.05,13.04,-,-,-,-
13186668,Kiki Kouyaté,27,78 kg,193 cm,,-,MLI,Ligue 1 McDonald's,Montpellier,"€718,000 p/a",30/6/2025,D (C),-,17,"1,530",89%,-,0.04,3.18,0.29,0.06,-,0,-,-0.16,0,0.12,0.01,0,0.88,75%,1.47,0.18,0.76,7.41,74%,5.47,0.65,12.82,3.59,5.53,0.12,11.5km,0.82,2.71,-,-,-,-
29036830,Sam Morsy,33,79 kg,176 cm,,-,EGY,English Premier League,Ipswich,"€910,000 p/a",30/6/2025,"DM, M (C)",-,14,"1,034",87%,0.09,0.08,3.31,0.7,0.26,0%,0,20%,0.54,0.17,0.09,0.04,0,1.91,81%,0.87,0,0,2.44,57%,1.39,0.44,9.92,5.92,12.19,0.7,12.9km,2.09,10.44,-,-,-,-
85122308,Yunis Abdelhamid,37,82 kg,190 cm,,-,MAR,Ligue 1 McDonald's,ASSE,"€957,000 p/a",30/6/2024,D (C),-,15,"1,274",93%,-,0.03,5.09,0.07,-,-,0,-,-0.99,0.14,0,0.07,0,0.78,73%,0.99,0.07,0.57,6.5,77%,5.02,0.99,12.29,3.18,6.36,0.07,11.8km,0.49,2.83,-,-,-,-
85133818,Gautier Larsonneur,27,70 kg,181 cm,,-,FRA,Ligue 1 McDonald's,ASSE,"€495,000 p/a",30/6/2027,GK,-,17,"1,530",69%,-,0,0,0.06,-,-,-,-,0,-,-,0,0,-,-,6.88,0,0,-,-,-,-,2.65,8.65,0,-,5.6km,0,0,12,26,10,0.15
67184883,Anuar,29,63 kg,172 cm,,-,ESP,LaLiga EA SPORTS,Valladolid,"€416,000 p/a",30/6/2024,"DM, M (C)",-,16,"1,339",87%,-,0.08,2.96,0.81,0.2,17%,0.07,-,-0.58,0.13,0.2,0.04,0,2.55,79%,0.67,0.07,0.07,4.1,23%,0.94,0.34,7.73,24.53,10.55,0.74,12.3km,3.23,10.62,-,-,-,-
48043489,Himad Abdelli,25,81 kg,185 cm,,-,ALG,Ligue 1 McDonald's,Angers SCO,"€237,000 p/a",30/6/2025,M/AM (C),-,16,"1,303",90%,0.14,0.14,3.66,1.86,0.28,26%,0.28,10%,-0.72,0.28,0.14,0.12,0,1.73,71%,0.97,0.14,0.14,3.94,54%,2.14,0.41,11.47,14.99,10.78,1.45,12.5km,2.69,10.98,-,-,-,-
43252473,Enrico Delprato,25,67 kg,183 cm,,-,ITA,Serie A enilive,Parma,"€1,093,000 p/a",30/6/2027,"D (RC), WB (R)",WB (R),21,"1,802",92%,0.05,0.11,6.49,0.9,0.25,18%,0.2,17%,0.4,0.1,0.15,0.03,0,2.3,78%,1.1,0.3,0.35,5.29,72%,3.8,0.7,10.34,11.14,11.49,0.8,11.9km,2,7.74,-,-,-,-
43296764,Hans Nicolussi Caviglia,24,71 kg,181 cm,,-,ITA,Serie A enilive,Venezia,"€370,000 p/a",30/6/2025,"DM, M (C)",-,19,"1,599",87%,0.11,0.07,3.66,1.13,0.28,6%,0.06,13%,0.3,0.17,0.11,0.04,0,2.14,75%,0.68,0.06,0.23,4.5,15%,0.68,0.28,10.92,16.49,12.1,1.07,12.7km,2.87,11.82,-,-,-,-
92019117,Markus Kolke,34,90 kg,187 cm,,-,GER,Bundesliga,SV Werder,"€349,000 p/a",30/6/2024,GK,-,12,"1,080",64%,-,0,0,0,-,-,-,-,0,-,-,0,0,0.08,50%,7.33,0,0,-,-,-,-,2.42,9.42,0,-,5.2km,0,0,6,35,6,0.09
92072588,Marco Komenda,28,82 kg,182 cm,,-,GER,Bundesliga,Kiel,"€319,000 p/a",30/6/2025,D (LC),D (L),15,"1,332",92%,0.07,0.02,4.8,0.27,0.07,25%,0.07,-,-0.21,0.07,0.07,0.01,0,0.88,62%,1.22,0.2,1.01,7.36,71%,5.2,0.41,12.64,4.26,4.8,0.14,11.0km,1.22,3.04,-,-,-,-
98034038,Vincent Sierro,29,79 kg,184 cm,,-,SUI,Ligue 1 McDonald's,Toulouse FC,"€271,000 p/a",30/6/2025,"DM, M (C)",-,16,"1,137",89%,0.08,0.19,4.27,0.95,0.08,22%,0.16,-,-0.64,0.16,0.24,0.05,0,2.61,89%,1.03,0,0.24,2.93,62%,1.82,0.32,9.74,12.03,11.4,0.79,12.5km,3.09,10.77,-,-,-,-
85125565,Issiaga Sylla,31,75 kg,180 cm,,-,GUI,Ligue 1 McDonald's,Montpellier,"€780,000 p/a",30/6/2024,D/WB (L),WB (L),17,"1,306",90%,-,0.02,6.68,0.9,0.07,11%,0.21,-,-0.17,0.07,0,0.01,0,2.34,74%,1.31,0,0.55,5.72,64%,3.65,0.69,9.92,14.61,16.61,1.17,12.6km,2.14,8.48,-,-,-,-
27100972,Rasmus Nicolaisen,27,81 kg,191 cm,,Damaged knee cartilage,DEN,Ligue 1 McDonald's,Toulouse FC,"€326,000 p/a",30/6/2025,D (C),-,16,"1,376",92%,0.07,0.07,3.14,0.07,-,-,0,-,-0.75,0.13,0.07,0.05,1,1.18,82%,1.37,0.2,1.7,7.39,74%,5.49,0.46,11.97,3.6,5.36,0.13,11.5km,1.05,3.4,-,-,-,-
29175587,Leif Davis,25,67 kg,178 cm,,-,ENG,English Premier League,Ipswich,"€2,054,000 p/a",30/6/2027,D/WB (L),-,20,"1,769",85%,0.15,0.07,5.55,0.66,0.15,16%,0.1,-,-0.37,0,0.1,0.02,0,2.85,92%,1.42,0.15,0.31,3.97,51%,2.04,0.56,12.57,14.3,17.7,2.65,13.0km,2.14,10.12,-,-,-,-
49038967,Bafodé Diakité,23,74 kg,185 cm,,-,FRA,Ligue 1 McDonald's,Lille,"€468,000 p/a",30/6/2027,D (RC),D (R),23,"2,122",92%,-,0.02,4.5,0.08,0.08,0%,0,6%,-1.39,0.08,0.17,0.1,0,1.23,81%,0.98,0.21,0.59,5.47,65%,3.56,0.38,15.14,4.2,6.79,0.17,11.9km,1.23,3.31,-,-,-,-
91151088,Timon Weiner,25,85 kg,189 cm,,-,GER,Bundesliga,Kiel,"€324,000 p/a",30/6/2026,GK,-,18,"1,572",67%,-,0,0,0,-,-,-,-,0,-,-,0,0,0,0%,7.33,0,0,-,-,-,-,2.4,10.48,0,-,5.7km,0,0,6,33,13,0.02
48036653,Romain Del Castillo,28,65 kg,172 cm,,-,FRA,Ligue 1 McDonald's,Brest,"€370,000 p/a",30/6/2026,AM (RL),-,15,"1,025",87%,-,0.22,2.55,1.32,0.09,21%,0.7,10%,-1.57,0.88,0.61,0.24,0,3.07,83%,0.53,0,0.09,4.13,19%,0.79,0.35,4.13,16.77,15.1,2.37,13.0km,3.78,12.73,-,-,-,-
19172374,Jubal,31,82 kg,190 cm,,-,BRA,Ligue 1 McDonald's,AJ Auxerre,"€118,000 p/a",30/6/2025,D (C),-,13,"1,120",90%,-,0,4.26,0.48,-,0%,0,-,-0.14,0.08,0.08,0.01,0,1.45,86%,1.85,0.56,0.72,6.75,70%,4.74,0.56,11.57,5.22,4.42,0.08,10.9km,1.53,3.38,-,-,-,-
48037272,Fabien Centonze,28,75 kg,182 cm,,-,FRA,Ligue 1 McDonald's,FC Nantes,"€936,000 p/a",30/6/2024,D/WB/M (R),WB/M (R),16,"1,251",84%,0.07,0.13,4.39,1.29,0.43,17%,0.94,-,-0.38,0.07,0.22,0.03,0,2.88,83%,1.87,0.22,0.22,4.17,53%,2.23,1.01,13.45,17.63,16.62,2.09,13.2km,2.95,12.23,-,-,-,-
85098947,Pierrick Capelle,37,72 kg,181 cm,,-,FRA,Ligue 1 McDonald's,Angers SCO,"€478,000 p/a",30/6/2024,M (LC),-,15,"1,157",85%,0.08,0.25,3.66,1.17,0.54,14%,0.62,-,-2.2,0,0,0.17,0,2.64,83%,0.86,0.16,0,5.52,25%,1.4,0.23,4.43,15.79,18.9,1.48,12.7km,3.19,11.2,-,-,-,-
43252476,Andrea Colpani,25,78 kg,185 cm,,-,ITA,Serie A enilive,Fiorentina,"€830,000 p/a",30/6/2027,M/AM (C),-,20,"1,638",85%,0.16,0.19,2.64,1.7,0.05,22%,0.11,14%,1.03,1.1,0.93,0.27,0,1.65,86%,0.6,0,0,2.86,48%,1.37,0.33,12.31,20.6,14.51,1.98,13.6km,2.47,11.26,-,-,-,-
91175827,Lars Ritzka,26,78 kg,185 cm,,-,GER,Bundesliga,St. Pauli,"€399,000 p/a",30/6/2025,"D (LC), WB (L)",D (C),18,"1,488",85%,-,0.08,5.75,0.91,0.36,13%,0.12,-,-0.24,0.06,0.06,0.01,0,3.02,89%,1.09,0.24,0.18,4.9,70%,3.45,1.15,11.43,13.43,15.73,0.79,12.6km,2.36,8.77,-,-,-,-
43391659,Elia Caprile,23,74 kg,191 cm,,-,ITA,Serie A enilive,Cagliari,"€640,000 p/a",30/6/2024,GK,-,22,"1,980",77%,-,0,0,0,-,-,-,-,0,-,-,0,0,0,0%,6.14,0,0,-,-,-,-,3.27,10.23,0,-,6.1km,0,0,14,55,20,-0.01
49038255,Cheikh Niasse,24,73 kg,188 cm,,-,SEN,Serie A enilive,Hellas Verona,"€529,000 p/a",30/6/2025,"DM, M (C)",M (C),19,"1,590",89%,-,0.08,3.51,0.57,-,0%,0,-,-0.16,0,0.11,0.01,0,2.15,78%,0.74,0,0.23,4.36,53%,2.32,0.45,9.96,8.09,12.28,0.74,13.2km,2.77,10.87,-,-,-,-
83149225,Fali Candé,26,82 kg,184 cm,,-,GNB,Serie A enilive,Venezia,"€262,000 p/a",30/6/2025,"D (LC), WB (L)",WB (L),18,"1,610",92%,0.11,0.05,4.42,0.45,0.11,9%,0,-,-0.24,0.11,0.11,0.01,0,1.9,83%,1.79,0.39,0.56,6.04,57%,3.47,0.5,13.75,5.09,6.6,0.22,11.8km,1.9,4.14,-,-,-,-
85082409,Arthur Desmas,30,87 kg,196 cm,,-,FRA,Ligue 1 McDonald's,Havre AC,"€400,000 p/a",30/6/2027,GK,-,17,"1,530",72%,-,0,0,0,-,-,-,-,0,-,-,0,0,0,0%,6.12,0,0,-,-,-,-,2.94,9.06,0,-,5.1km,0,0,13,28,21,0.3
75037990,Gabriel Suazo,27,72 kg,178 cm,,-,CHI,Ligue 1 McDonald's,Toulouse FC,"€289,000 p/a",30/6/2025,D (L),-,16,"1,421",83%,0.06,0.08,6.21,1.27,0.19,17%,0.51,-,-0.08,0,0,0.01,0,2.98,82%,1.33,0.19,0.32,5.19,57%,2.98,0.57,9.75,14.69,15.9,1.2,13.1km,2.53,9.82,-,-,-,-
85048646,Cédric Hountondji,30,85 kg,195 cm,,-,BEN,Ligue 1 McDonald's,Angers SCO,"€153,000 p/a",30/6/2025,D (C),-,15,"1,350",94%,-,0.02,3.2,0.13,-,0%,0,-,-0.49,0.07,0,0.03,0,0.93,74%,1.4,0.13,1,7.6,81%,6.13,0.67,12.33,3.47,4.47,0.07,10.6km,1.07,3.67,-,-,-,-
2000114473,Arijon Ibrahimović,19,75 kg,176 cm,,-,GER,Serie A enilive,Lazio,"€1,496,000 p/a",30/6/2026,"M (C), AM (LC)",M (C),17,"1,502",86%,0.06,0.17,1.8,0.9,0.36,13%,0.18,10%,0.62,0.66,0.72,0.14,0,1.92,89%,0.66,0.06,0,4.97,31%,1.56,0.36,7.31,20.43,11.92,1.86,12.8km,2.7,9.65,-,-,-,-
19256906,Jaílson,29,75 kg,187 cm,,-,BRA,LaLiga EA SPORTS,Vigo,"€257,000 p/a",30/6/2024,"DM, M (C)",M (C),21,"1,839",92%,-,0.06,4.16,0.49,0.1,17%,0.05,-,-0.56,0.1,0.15,0.03,0,1.71,73%,0.93,0.29,0.69,6.17,61%,3.77,0.44,10.18,7.59,6.02,0.34,11.2km,1.81,6.17,-,-,-,-
85049252,Donovan Léon,32,94 kg,187 cm,,-,GUF,Ligue 1 McDonald's,AJ Auxerre,"€232,000 p/a",30/6/2027,GK,-,16,"1,372",57%,-,0,0,0.07,-,-,-,-,0,-,-,0,1,0.07,100%,7.48,0,0,-,-,-,-,2.89,12.46,0,-,5.7km,0,0,11,26,20,0
14241918,Nicolás Valentini,23,79 kg,184 cm,,-,ARG,Serie A enilive,Hellas Verona,"€515,000 p/a",30/6/2024,D (C),-,18,"1,581",92%,-,0.01,3.7,0.34,0.06,100%,0.34,-,-0.15,0,0.06,0.01,0,0.8,56%,1.31,0.23,0.91,7.23,79%,5.69,0.51,12.35,4.44,5.69,0.28,11.2km,0.97,3.19,-,-,-,-
2000025485,Habib Diarra,20,74 kg,180 cm,,-,FRA,Ligue 1 McDonald's,Strasbourg,"€135,000 p/a",30/6/2027,"DM, M (C)",DM,13,"1,121",88%,0.08,0.12,3.93,0.72,0.16,0%,0,-,-0.55,0,0,0.04,0,2.41,86%,0.32,0.16,0,3.45,53%,1.85,0.08,8.43,8.43,11,0.96,12.0km,3.13,9.47,-,-,-,-
2000021407,Samuele Vignato,20,63 kg,172 cm,,-,ITA,Serie A enilive,Monza,"€834,000 p/a",30/6/2027,AM (LC),AM (L),17,"1,358",84%,0.13,0.11,2.19,1.46,0.07,0%,0,20%,1.75,0.66,0.4,0.08,0,1.99,86%,0.99,0,0,4.84,22%,1.06,0.2,8.75,20.15,10.94,1.26,12.6km,2.58,9.08,-,-,-,-
29156431,Luke Woolfenden,26,80 kg,191 cm,,-,ENG,English Premier League,Ipswich,"€606,000 p/a",30/6/2025,D (C),-,20,"1,773",93%,0.05,0.03,3.55,0.15,0.1,0%,0,10%,-0.22,0.2,0,0.06,0,1.27,93%,0.56,0.25,0.76,5.63,71%,4.01,0.41,13.81,3.3,5.84,0.36,12.0km,0.76,3.25,-,-,-,-
85095988,Gautier Lloris,29,87 kg,192 cm,,-,FRA,Ligue 1 McDonald's,Havre AC,"€467,000 p/a",30/6/2026,D (C),-,17,"1,377",91%,-,0.02,4.44,0.52,0.07,0%,0,-,-0.21,0.07,0.13,0.01,0,1.31,80%,1.7,0.39,1.18,7.65,85%,6.47,0.65,13.99,3.4,4.9,0.07,11.2km,1.44,3.27,-,-,-,-
49061476,Yoan Bonny,21,78 kg,189 cm,,-,FRA,Serie A enilive,Parma,"€238,000 p/a",30/6/2026,ST (C),-,21,"1,881",86%,-,0.01,1.1,0.81,-,0%,0,8%,-2.08,1,0.91,0.34,0,1.24,72%,0.48,0,0.19,10.86,36%,3.88,0.05,1.53,19,7.22,0.72,11.5km,1.58,7.32,-,-,-,-
43500463,Alessandro Marcandalli,22,81 kg,190 cm,,-,ITA,Serie A enilive,Venezia,"€137,000 p/a",30/6/2025,D (C),-,15,"1,297",89%,-,0,4.16,0.62,-,50%,0.07,-,-0.64,0,0.07,0.04,0,1.53,76%,1.25,0.35,1.11,7.36,71%,5.2,0.62,12.14,4.3,4.86,0.28,11.5km,1.46,3.82,-,-,-,-
49062287,Arouna Sanganté,22,76 kg,189 cm,,-,SEN,Ligue 1 McDonald's,Havre AC,"€263,000 p/a",30/6/2025,D (C),-,15,"1,350",91%,-,0.02,3.47,0.2,0.13,20%,0.07,20%,-0.15,0.13,0,0.08,0,0.87,65%,1.13,0.33,0.93,7.73,58%,4.47,0.8,13.4,4.33,6.4,-,11.9km,0.93,2.73,-,-,-,-
43297394,Antonino Gallo,24,74 kg,183 cm,,-,ITA,Serie A enilive,Lecce,"€960,000 p/a",30/6/2025,D/WB (L),-,20,"1,758",85%,0.05,0.08,6.5,1.18,0.15,24%,0.46,-,0,-,0,0,0,2.61,82%,1.18,0.31,0.2,3.38,58%,1.95,1.02,10.55,16.43,13,2.25,12.4km,2.05,9.06,-,-,-,-
43300251,Antonio Candela,24,78 kg,185 cm,,-,ITA,LaLiga EA SPORTS,Valladolid,"€140,000 p/a",30/6/2026,D/WB (R),-,21,"1,890",90%,-,0.07,4.9,0.38,0.29,15%,0.43,-,-2.41,0.1,0.14,0.11,0,2.38,83%,0.9,0.05,0.14,3.86,42%,1.62,0.67,10,14.33,15.38,1.62,12.6km,2.14,8.1,-,-,-,-
48036655,Gaëtan Perrin,28,63 kg,169 cm,,-,FRA,Ligue 1 McDonald's,AJ Auxerre,"€180,000 p/a",30/6/2025,M/AM (RL),M (RL),13,"1,050",85%,0.09,0.27,2.14,1.29,0.26,10%,0.26,-,-2.42,0.51,0.26,0.21,0,2.74,84%,0.86,0.09,0,6.09,7%,0.43,0.34,3.77,20.74,14.23,2.74,11.7km,3.43,12,-,-,-,-
49038940,Lucas Da Cunha,23,66 kg,174 cm,,-,FRA,Serie A enilive,Como,"€1,091,000 p/a",30/6/2027,"M (C), AM (RLC)","M (C), AM (L)",18,"1,373",83%,-,0.12,1.7,0.79,0.13,8%,0.07,16%,1.76,0.33,0.66,0.08,0,1.38,78%,0.72,0,0,5.18,25%,1.31,0.2,7.08,22.29,11.8,1.64,13.2km,1.97,9.05,-,-,-,-
2000191507,Adam Aznou,18,68 kg,176 cm,,-,ESP,LaLiga EA SPORTS,Valladolid,"€249,000 p/a",30/6/2026,D/WB (L),-,15,"1,350",87%,0.07,0.04,5.73,0.73,0.13,10%,0.27,-,-0.06,0,0.07,0,0,2.33,92%,1.07,0.07,0.27,5.67,66%,3.73,0.53,6.87,23.6,13.8,2.07,12.4km,1.87,8.8,-,-,-,-
85144802,Antoine Makoumbou,26,62 kg,179 cm,,-,CGO,Serie A enilive,Cagliari,"€940,000 p/a",30/6/2025,"DM, M (C)",-,20,"1,642",90%,0.11,0.17,5.37,1.04,0.16,0%,0,-,-1.12,0.16,0.16,0.06,0,2.58,81%,0.77,0,0.38,3.67,19%,0.71,0.27,10.14,7.07,11.95,0.88,12.8km,3.12,9.54,-,-,-,-
49049339,Lassine Sinayoko,25,81 kg,186 cm,,-,MLI,Ligue 1 McDonald's,AJ Auxerre,"€108,000 p/a",30/6/2025,"AM (R), ST (C)",ST (C),16,"1,273",85%,-,0.23,2.33,1.27,0.42,10%,0.35,-,-1.92,0.57,0.85,0.14,0,2.26,91%,0.78,0,0.28,6.01,46%,2.76,0.14,2.62,23.75,13.64,1.7,12.2km,2.55,9.97,-,-,-,-
43619130,Franco Carboni,21,76 kg,183 cm,,-,ARG,Serie A enilive,Venezia,"€240,000 p/a",30/6/2024,D/WB/M/AM (L),AM (L),19,"1,669",85%,0.11,0.09,5.18,1.08,0.27,21%,0.65,-,-0.3,0.05,0.11,0.02,0,2.8,75%,1.13,0.05,0.59,5.01,71%,3.56,0.54,10.3,17.69,13.86,1.08,12.5km,2.59,9.49,-,-,-,-
48043638,Yehvann Diouf,25,74 kg,184 cm,,-,FRA,Ligue 1 McDonald's,Reims,"€207,000 p/a",30/6/2026,GK,-,16,"1,440",65%,-,0,0,0,-,-,-,-,0,-,-,0,0,-,-,7.69,0,0,-,-,-,-,3.69,11.06,0,-,5.5km,0,0,15,29,13,0.23
53149913,Warren Kamanzi,24,70 kg,177 cm,,-,NOR,Ligue 1 McDonald's,Toulouse FC,"€171,000 p/a",30/6/2025,D/WB (RL),D (L),17,"1,526",85%,-,0.05,4.01,1,0.12,13%,0.35,8%,-1.14,0.29,0.29,0.13,0,2.36,74%,1.77,0.12,0.35,4.19,68%,2.83,0.41,7.02,20.29,17.28,1.83,13.0km,2.06,7.25,-,-,-,-
43155683,Federico Baschirotto,28,77 kg,184 cm,,-,ITA,Serie A enilive,Lecce,"€560,000 p/a",30/6/2025,D (RC),D (R),20,"1,800",87%,0.05,0.07,4,0.5,0.15,0%,0,-,-0.55,0,0.05,0.03,0,1.65,80%,1.3,0.3,0.55,5.1,79%,4.05,0.55,13.85,4.4,6.15,0.25,11.1km,1.5,3.9,-,-,-,-
49053847,Lilian Raolisoa,24,75 kg,178 cm,,-,FRA,Ligue 1 McDonald's,Angers SCO,"€80,000 p/a",30/6/2025,D/WB (R),WB (R),14,"1,286",92%,-,0.12,5.67,0.7,0.28,10%,0.21,-,-0.81,0.07,0.21,0.06,0,3.15,79%,1.47,0.21,0.14,4.2,55%,2.31,0.98,11.27,17.01,17.08,1.33,13.5km,2.59,8.47,-,-,-,-
91190724,Max Geschwill,23,72 kg,182 cm,,-,GER,Bundesliga,Kiel,"€290,000 p/a",30/6/2027,D (C),-,18,"1,652",88%,0.05,0.03,3,0.38,0.11,0%,0,-,-0.32,0,0.11,0.02,0,1.04,79%,1.69,0.33,0.6,6.92,66%,4.58,0.71,11.93,3.27,5.18,0.11,11.2km,1.04,2.45,-,-,-,-
49053187,Yassine Kechta,22,58 kg,170 cm,,-,MAR,Ligue 1 McDonald's,Havre AC,"€245,000 p/a",30/6/2025,M/AM (C),-,17,"1,292",88%,0.14,0.22,3.27,1.18,0.49,29%,0.14,-,-2.18,0.28,0.07,0.15,0,1.6,56%,0.77,0,0.07,3.62,27%,0.98,0.49,13.17,12.75,12.19,1.25,12.5km,3.27,11.63,-,-,-,-
49048598,Josué Casimir,23,68 kg,178 cm,,-,GLP,Ligue 1 McDonald's,Havre AC,"€401,000 p/a",30/6/2027,"M (R), AM (RL)",AM (L),15,"1,206",87%,-,0.1,2.54,1.49,0.3,6%,0.22,8%,-0.58,0.75,0.3,0.19,0,2.99,80%,0.97,0,0,4.55,44%,2.01,0.37,4.48,20.75,15.45,2.31,12.4km,4.25,12.84,-,-,-,-
49039002,Aïmen Moueffek,23,72 kg,179 cm,,-,MAR,Ligue 1 McDonald's,ASSE,"€54,000 p/a",30/6/2028,DM,-,14,"1,074",90%,0.17,0.2,3.85,1.09,0.25,17%,0.08,-,-0.11,0,0.17,0.01,0,2.85,77%,1.01,0.17,0.08,3.1,49%,1.51,0.42,9.05,9.22,12.07,0.34,12.9km,3.35,9.05,-,-,-,-
43379760,Edoardo Corvi,23,70 kg,183 cm,,-,ITA,Serie A enilive,Parma,"€319,000 p/a",30/6/2027,GK,-,20,"1,830",73%,-,0,0,0.05,-,-,-,-,0,-,-,0,0,0,0%,6.3,0,0,-,-,-,-,2.7,12.2,0,-,6.2km,0,0,12,36,16,0.05
